week,gt_score,geo,topic,velocity,accel,roll_mean,roll_std,vel_lag1,vel_lag2,thresh,is_top20,target,n_comments,sent_mean,sent_std,prop_pos,prop_neg,prop_neu,sent_mean_delta,prop_neg_delta,prop_pos_delta,sent_mean_lag1
2024-06-16,21,SA,World Cup,-0.12,-0.4357894736842105,0.9985964912280701,1.5752044525728575,0.3157894736842105,2.8,0.17689075630252105,0,0,24,0.2337716370820999,0.6433631352076227,0.5416666666666666,0.2083333333333333,0.25,,,,
2024-06-16,30,SA,weather,0.14814814814814814,0.06814814814814814,0.06322886989553655,0.09442852793450182,0.08,-0.038461538461538464,0.17689075630252105,0,0,50,0.444631798043847,0.4998788798816514,0.8,0.1,0.1,,,,
2024-06-23,23,SA,World Cup,0.09090909090909091,0.2109090909090909,0.09556618819776715,0.21793205996332413,-0.12,0.3157894736842105,0.17689075630252105,0,0,76,0.3975890047946258,0.5965120125744127,0.6578947368421053,0.1973684210526315,0.1447368421052631,0.1638173677125259,-0.0109649122807017,0.1162280701754386,0.2337716370820999
2024-06-30,2,SA,World Cup,-0.875,-0.9659090909090909,-0.30136363636363633,0.5078529998153877,0.09090909090909091,-0.12,0.17689075630252105,0,0,146,0.1288993083297798,0.6663212268643287,0.5,0.3287671232876712,0.1712328767123287,-0.268689696464846,0.1313987022350396,-0.1578947368421053,0.3975890047946258
2024-07-07,1,SA,World Cup,-0.3333333333333333,0.5416666666666667,-0.37247474747474746,0.484142675975739,-0.875,0.09090909090909091,0.17689075630252105,0,0,1006,0.0896701003724772,0.6600094951034545,0.4721669980119284,0.3339960238568588,0.1938369781312127,-0.0392292079573026,0.0052289005691876,-0.0278330019880715,0.1288993083297798
2024-07-07,24,SA,weather,0.13636363636363635,0.2902097902097902,-0.05959094668772089,0.16974246043980962,-0.15384615384615385,-0.16129032258064516,0.17689075630252105,0,0,29,0.2616864831732778,0.5931962484498724,0.6551724137931034,0.2758620689655172,0.0689655172413793,-0.1829453148705692,0.1758620689655172,-0.1448275862068966,0.444631798043847
2024-07-14,1,SA,World Cup,0.0,0.3333333333333333,-0.40277777777777773,0.44161425265512966,-0.3333333333333333,-0.875,0.17689075630252105,0,0,42,0.339028061855407,0.6190080903784193,0.6428571428571429,0.238095238095238,0.119047619047619,0.2493579614829298,-0.0959007857616207,0.1706901448452145,0.0896701003724772
2024-07-14,32,SA,artificial intelligence,-0.05714285714285714,-0.8071428571428572,0.12750410509031204,0.553763183900536,0.75,-0.3103448275862069,0.17689075630252105,0,0,78,0.1328740292586959,0.5149845189098518,0.3461538461538461,0.1666666666666666,0.4871794871794871,,,,
2024-07-21,31,SA,artificial intelligence,-0.030303030303030304,0.026839826839826837,0.22085137085137094,0.458452612462404,-0.05714285714285714,0.75,0.17689075630252105,0,0,146,0.2527386536311409,0.5090013170695578,0.4246575342465753,0.1438356164383561,0.4315068493150685,0.1198646243724449,-0.0228310502283105,0.0785036880927291,0.1328740292586959
2024-07-21,10,SA,inflation,-0.21428571428571427,-0.21428571428571427,-0.015873015873015872,0.1909715780240629,0.0,0.16666666666666666,0.17689075630252105,0,0,66,0.4925547904532515,0.4856522015092566,0.7575757575757576,0.0909090909090909,0.1515151515151515,,,,
2024-07-21,21,SA,weather,0.0,0.12,0.005454545454545444,0.12826882926878014,-0.12,0.13636363636363635,0.17689075630252105,0,1,23,0.573680554597598,0.5034362167667887,0.8260869565217391,0.0869565217391304,0.0869565217391304,0.3119940714243202,-0.1889055472263868,0.1709145427286357,0.2616864831732778
2024-07-28,1,SA,World Cup,0.0,0.0,0.0,0.0,0.0,0.0,0.17689075630252105,0,0,129,0.1991268743060587,0.6322975969104592,0.5348837209302325,0.2480620155038759,0.2170542635658914,-0.1399011875493483,0.0099667774086378,-0.1079734219269104,0.339028061855407
2024-07-28,28,SA,artificial intelligence,-0.09375,-0.0634469696969697,-0.06039862914862907,0.031848540460235525,-0.030303030303030304,-0.05714285714285714,0.17689075630252105,0,0,67,0.2391629040991859,0.5041814825745096,0.4477611940298507,0.1492537313432835,0.4029850746268656,-0.0135757495319549,0.0054181149049274,0.0231036597832754,0.2527386536311409
2024-07-28,25,SA,weather,0.18181818181818182,0.18181818181818182,0.0206060606060606,0.15196055744594958,0.0,-0.12,0.17689075630252105,1,0,63,0.6618500430107354,0.4263576675344199,0.8888888888888888,0.0634920634920634,0.0476190476190476,0.0881694884131373,-0.0234644582470669,0.0628019323671497,0.573680554597598
2024-08-04,0,SA,World Cup,-0.5,-0.5,-0.16666666666666666,0.2886751345948137,0.0,0.0,0.17689075630252105,0,0,27,0.6682941810814319,0.3674337286153196,0.8518518518518519,0.037037037037037,0.1111111111111111,0.4691673067753732,-0.2110249784668389,0.3169681309216193,0.1991268743060587
2024-08-04,23,SA,artificial intelligence,-0.1724137931034483,-0.07866379310344829,-0.09882227446882612,0.07119103315828841,-0.09375,-0.030303030303030304,0.17689075630252105,0,0,26,-0.0455232622245183,0.4301817303004497,0.1153846153846153,0.2692307692307692,0.6153846153846154,-0.2846861663237043,0.1199770378874856,-0.3323765786452354,0.2391629040991859
2024-08-04,27,SA,weather,0.07692307692307693,-0.1048951048951049,0.08624708624708625,0.09126700210000878,0.18181818181818182,0.0,0.17689075630252105,0,0,109,0.580595123923358,0.4420490520016204,0.8532110091743119,0.0825688073394495,0.0642201834862385,-0.0812549190873773,0.019076743847386,-0.0356778797145769,0.6618500430107354
2024-08-11,23,SA,artificial intelligence,0.0,0.1724137931034483,-0.08872126436781602,0.08631683004851078,-0.1724137931034483,-0.09375,0.17689075630252105,0,1,27,0.0358416762340951,0.5329414731344209,0.2962962962962963,0.2222222222222222,0.4814814814814814,0.0813649384586135,-0.047008547008547,0.1809116809116809,-0.0455232622245183
2024-08-11,24,SA,weather,-0.10714285714285714,-0.18406593406593408,0.050532800532800536,0.14627698221294816,0.07692307692307693,0.18181818181818182,0.17689075630252105,0,0,58,0.4404495326673676,0.542487028094073,0.7586206896551724,0.1551724137931034,0.0862068965517241,-0.1401455912559903,0.0726036064536539,-0.0945903195191395,0.580595123923358
2024-08-18,1,SA,World Cup,1.0,1.0,0.16666666666666666,0.7637626158259736,0.0,-0.5,0.17689075630252105,1,0,59,0.4624743417410527,0.4742472170063049,0.7457627118644068,0.1016949152542373,0.1525423728813559,-0.2058198393403791,0.0646578782172002,-0.106089139987445,0.6682941810814319
2024-08-18,28,SA,artificial intelligence,0.20833333333333334,0.20833333333333334,0.011973180076628426,0.19065574041535502,0.0,-0.1724137931034483,0.17689075630252105,1,0,21,-0.107294758737442,0.4259473485603168,0.0952380952380952,0.1904761904761904,0.7142857142857143,-0.1431364349715372,-0.0317460317460317,-0.201058201058201,0.0358416762340951
2024-08-18,28,SA,weather,0.16,0.2671428571428571,0.04326007326007325,0.13671585457555313,-0.10714285714285714,0.07692307692307693,0.17689075630252105,0,0,104,0.4570419697019343,0.5312068393312411,0.7307692307692307,0.1538461538461538,0.1153846153846153,0.0165924370345667,-0.0013262599469495,-0.0278514588859416,0.4404495326673676
2024-08-25,0,SA,World Cup,-0.5,-1.5,0.16666666666666666,0.7637626158259736,1.0,0.0,0.17689075630252105,0,1,74,0.5263606661024529,0.5592869395525217,0.7972972972972973,0.1621621621621621,0.0405405405405405,0.0638863243614001,0.0604672469079248,0.0515345854328904,0.4624743417410527
2024-08-25,31,SA,artificial intelligence,0.10344827586206896,-0.10488505747126438,0.10392720306513419,0.10416749239995135,0.20833333333333334,0.0,0.17689075630252105,0,0,166,0.0480913782032229,0.5445442294214256,0.3493975903614458,0.2771084337349397,0.3734939759036144,0.1553861369406649,0.0866322432587493,0.2541594951233505,-0.107294758737442
2024-08-25,10,SA,inflation,-0.08333333333333333,-0.006410256410256401,-0.025641025641025644,0.09442897347856556,-0.07692307692307693,0.08333333333333333,0.17689075630252105,0,1,239,-0.0049181840651391,0.568750181419671,0.3347280334728033,0.3472803347280335,0.3179916317991632,-0.4974729745183908,0.2563712438189426,-0.4228477241029542,0.4925547904532515
2024-08-25,26,SA,weather,-0.06896551724137931,-0.2289655172413793,-0.0053694581280788285,0.14448069276435885,0.16,-0.10714285714285714,0.17689075630252105,0,0,101,0.629961544703139,0.3982683856725744,0.8811881188118812,0.0594059405940594,0.0594059405940594,0.1729195750012047,-0.0944402132520944,0.1504188880426504,0.4570419697019343
2024-09-01,1,SA,World Cup,1.0,1.5,0.5,0.8660254037844388,-0.5,1.0,0.17689075630252105,1,0,82,0.0920961892073292,0.6129576292396408,0.4512195121951219,0.3170731707317073,0.2317073170731707,-0.4342644768951236,0.1549110085695451,-0.3460777851021753,0.5263606661024529
2024-09-01,30,SA,artificial intelligence,-0.03125,-0.13469827586206895,0.09351053639846751,0.12010042631902974,0.10344827586206896,0.20833333333333334,0.17689075630252105,0,0,82,-0.0548278688362277,0.5371078475657572,0.2926829268292683,0.3902439024390244,0.3170731707317073,-0.1029192470394506,0.1131354687040846,-0.0567146635321775,0.0480913782032229
2024-09-01,12,SA,inflation,0.18181818181818182,0.26515151515151514,0.007187257187257194,0.15126877643750564,-0.08333333333333333,-0.07692307692307693,0.17689075630252105,1,0,58,-0.1866578599438071,0.4860348504041353,0.2068965517241379,0.4310344827586206,0.3620689655172414,-0.1817396758786679,0.0837541480305871,-0.1278314817486654,-0.0049181840651391
2024-09-01,22,SA,weather,-0.14814814814814814,-0.07918263090676883,-0.01903788846317583,0.16002623656245818,-0.06896551724137931,0.16,0.17689075630252105,0,0,57,0.5703983741665357,0.4280248336614407,0.8421052631578947,0.0701754385964912,0.087719298245614,-0.0595631705366033,0.0107694980024318,-0.0390828556539865,0.629961544703139
2024-09-08,1,SA,World Cup,0.0,-1.0,0.16666666666666666,0.7637626158259736,1.0,-0.5,0.17689075630252105,0,0,595,0.5265768643781668,0.4712241559433171,0.7361344537815127,0.0823529411764705,0.1815126050420168,0.4344806751708375,-0.2347202295552367,0.2849149415863907,0.0920961892073292
2024-09-08,32,SA,artificial intelligence,0.06451612903225806,0.09576612903225806,0.045571468298109076,0.06931869522576571,-0.03125,0.10344827586206896,0.17689075630252105,0,0,627,0.1378999984729589,0.5805527873205457,0.4242424242424242,0.2376395534290271,0.3381180223285486,0.1927278673091866,-0.1526043490099972,0.1315594974131559,-0.0548278688362277
2024-09-15,0,SA,World Cup,-0.5,-0.5,0.16666666666666666,0.7637626158259736,0.0,1.0,0.17689075630252105,0,0,37,0.1933429060201789,0.6578226571812625,0.5135135135135135,0.2432432432432432,0.2432432432432432,-0.3332339583579877,0.1608903020667726,-0.2226209402679991,0.5265768643781668
2024-09-15,36,SA,artificial intelligence,0.12121212121212122,0.05669599217986315,0.051492750081459836,0.077060890862986,0.06451612903225806,-0.03125,0.17689075630252105,0,0,45,0.0954512470298343,0.5950109686085361,0.3555555555555555,0.2888888888888888,0.3555555555555555,-0.0424487514431246,0.0512493354598617,-0.0686868686868686,0.1378999984729589
2024-09-22,32,SA,artificial intelligence,-0.10810810810810811,-0.22932022932022933,0.02587338071209046,0.11944408060750679,0.12121212121212122,0.06451612903225806,0.17689075630252105,0,0,97,0.2286400444152736,0.483919107657954,0.3917525773195876,0.1443298969072164,0.4639175257731959,0.1331887973854393,-0.1445589919816723,0.036197021764032,0.0954512470298343
2024-09-29,1,SA,World Cup,1.0,1.0,0.16666666666666666,0.7637626158259736,0.0,-0.5,0.17689075630252105,1,1,44,0.5282440436368977,0.5862683751969037,0.7954545454545454,0.1363636363636363,0.0681818181818181,0.3349011376167187,-0.1068796068796069,0.2819410319410319,0.1933429060201789
2024-09-29,29,SA,artificial intelligence,-0.09090909090909091,0.017199017199017202,-0.025935025935025863,0.12772299610215543,-0.10810810810810811,0.12121212121212122,0.17689075630252105,0,0,162,0.2484271460454221,0.5350042806023642,0.4753086419753086,0.1419753086419753,0.382716049382716,0.0197871016301485,-0.0023545882652411,0.083556064655721,0.2286400444152736
2024-10-06,3,SA,World Cup,1.0,0.0,0.6666666666666666,0.577350269189626,1.0,0.0,0.17689075630252105,1,0,52,0.2709059775269662,0.6731124450955347,0.6153846153846154,0.3076923076923077,0.0769230769230769,-0.2573380661099315,0.1713286713286713,-0.18006993006993,0.5282440436368977
2024-10-06,31,SA,artificial intelligence,0.06666666666666667,0.1575757575757576,-0.044116844116844044,0.09632596350046678,-0.09090909090909091,-0.10810810810810811,0.17689075630252105,0,0,42,0.0233918847737922,0.4360138192908951,0.2142857142857142,0.1904761904761904,0.5952380952380952,-0.2250352612716298,0.0485008818342151,-0.2610229276895943,0.2484271460454221
2024-10-06,17,SA,weather,0.058823529411764705,0.16408668730650156,-0.01547987616099073,0.08313140298512414,-0.10526315789473684,0.0,0.17689075630252105,0,0,25,0.4518322991579771,0.4856175916405768,0.68,0.08,0.24,-0.1185660750085585,0.0098245614035087,-0.1621052631578946,0.5703983741665357
2024-10-13,2,SA,World Cup,-0.25,-1.25,0.5833333333333334,0.7216878364870323,1.0,1.0,0.17689075630252105,0,0,138,-0.0464730772756687,0.6242225687672038,0.3985507246376811,0.4420289855072464,0.1594202898550724,-0.317379054802635,0.1343366778149387,-0.2168338907469342,0.2709059775269662
2024-10-13,28,SA,artificial intelligence,-0.09375,-0.16041666666666665,-0.03933080808080801,0.0918074952318541,0.06666666666666667,-0.09090909090909091,0.17689075630252105,0,0,40,0.1888853429583832,0.532419458795629,0.35,0.15,0.5,0.165493458184591,-0.0404761904761904,0.1357142857142857,0.0233918847737922
2024-10-13,16,SA,weather,-0.05555555555555555,-0.11437908496732026,-0.03399839467950925,0.08414061817328304,0.058823529411764705,-0.10526315789473684,0.17689075630252105,0,1,36,0.1292043757987105,0.6757884071220147,0.5555555555555556,0.3611111111111111,0.0833333333333333,-0.3226279233592666,0.2811111111111111,-0.1244444444444444,0.4518322991579771
2024-10-20,1,SA,World Cup,-0.3333333333333333,-0.08333333333333331,0.1388888888888889,0.7469072033193752,-0.25,1.0,0.17689075630252105,0,0,50,-0.056168118212372,0.7038579836856032,0.44,0.5,0.06,-0.0096950409367032,0.0579710144927536,0.0414492753623188,-0.0464730772756687
2024-10-20,32,SA,artificial intelligence,0.13793103448275862,0.23168103448275862,0.03694923371647517,0.11866494764930469,-0.09375,0.06666666666666667,0.17689075630252105,0,0,273,0.1444944868396435,0.5939253878331201,0.4798534798534798,0.2600732600732601,0.2600732600732601,-0.0443908561187397,0.1100732600732601,0.1298534798534799,0.1888853429583832
2024-10-20,25,SA,weather,0.5294117647058824,0.5849673202614379,0.1775599128540305,0.3100329627768207,-0.05555555555555555,0.058823529411764705,0.17689075630252105,1,1,55,0.6156756451184099,0.4192538847738484,0.8909090909090909,0.0909090909090909,0.0181818181818181,0.4864712693196993,-0.2702020202020202,0.3353535353535353,0.1292043757987105
2024-10-27,1,SA,World Cup,0.0,0.3333333333333333,-0.19444444444444442,0.1734721666221779,-0.3333333333333333,-0.25,0.17689075630252105,0,0,102,0.097488931763698,0.6397782563875597,0.4901960784313725,0.3725490196078431,0.1372549019607843,0.1536570499760701,-0.1274509803921568,0.0501960784313725,-0.056168118212372
2024-10-27,28,SA,artificial intelligence,-0.12121212121212122,-0.25914315569487983,-0.025677028909787458,0.14235252309201238,0.13793103448275862,-0.09375,0.17689075630252105,0,0,75,0.1495716346924503,0.5782815443243371,0.4666666666666667,0.2266666666666666,0.3066666666666666,0.0050771478528068,-0.0334065934065934,-0.0131868131868131,0.1444944868396435
2024-10-27,30,SA,weather,0.19230769230769232,-0.33710407239819007,0.22205463381933968,0.29361599384303805,0.5294117647058824,-0.05555555555555555,0.17689075630252105,1,0,27,0.6023980476376083,0.3920343714834856,0.8888888888888888,0.074074074074074,0.037037037037037,-0.0132775974808015,-0.0168350168350168,-0.002020202020202,0.6156756451184099
2024-11-03,22,SA,artificial intelligence,-0.20689655172413793,-0.08568443051201671,-0.06339254615116677,0.17953786090262608,-0.12121212121212122,0.13793103448275862,0.17689075630252105,0,1,68,0.1179190900395898,0.5754253716976891,0.4852941176470588,0.2941176470588235,0.2205882352941176,-0.0316525446528605,0.0674509803921568,0.0186274509803921,0.1495716346924503
2024-11-10,29,SA,artificial intelligence,0.30434782608695654,0.5112443778110944,-0.007920282283100785,0.2738046457546012,-0.20689655172413793,-0.12121212121212122,0.17689075630252105,1,0,39,0.1830260738825951,0.5520197179015148,0.4871794871794871,0.2051282051282051,0.3076923076923077,0.0651069838430052,-0.0889894419306184,0.0018853695324283,0.1179190900395898
2024-11-10,19,SA,weather,-0.047619047619047616,0.2749615975422427,-0.059297333490881864,0.25764275030761374,-0.3225806451612903,0.19230769230769232,0.17689075630252105,0,0,21,0.1135809727545295,0.5257010683116712,0.6190476190476191,0.1904761904761904,0.1904761904761904,-0.4888170748830787,0.1164021164021164,-0.2698412698412697,0.6023980476376083
2024-11-17,1,SA,World Cup,0.0,-1.0,0.16666666666666666,0.7637626158259733,1.0,-0.5,0.17689075630252105,0,0,123,0.1877211208220541,0.6541257353501102,0.5691056910569106,0.3333333333333333,0.0975609756097561,0.090232189058356,-0.0392156862745098,0.078909612625538,0.097488931763698
2024-11-17,26,SA,artificial intelligence,-0.1,-0.4043478260869565,-0.0008495752123937236,0.2696586889246022,0.30434782608695654,-0.20689655172413793,0.17689075630252105,0,0,27,0.1157231735134566,0.5159301199663313,0.2962962962962963,0.1851851851851851,0.5185185185185185,-0.0673029003691384,-0.0199430199430199,-0.1908831908831909,0.1830260738825951
2024-11-17,11,SA,inflation,-0.29411764705882354,-0.7107843137254902,0.01520864756158874,0.3642386252883441,0.4166666666666667,-0.07692307692307693,0.17689075630252105,0,0,46,0.2728414873430586,0.5020238059851474,0.5434782608695652,0.1739130434782608,0.2826086956521739,0.4594993472868657,-0.2571214392803598,0.3365817091454273,-0.1866578599438071
2024-11-17,18,SA,weather,-0.05,-0.0023809523809523864,-0.14006656426011263,0.1580663137071314,-0.047619047619047616,-0.3225806451612903,0.17689075630252105,0,1,28,0.4401085132599941,0.5097342596280653,0.75,0.1428571428571428,0.1071428571428571,0.3265275405054645,-0.0476190476190476,0.1309523809523809,0.1135809727545295
2024-11-24,0,SA,World Cup,-0.5,-0.5,0.16666666666666666,0.7637626158259733,0.0,1.0,0.17689075630252105,0,1,43,0.2299592838687605,0.6454069855619452,0.5813953488372093,0.3255813953488372,0.0930232558139534,0.0422381630467064,-0.007751937984496,0.0122896577802987,0.1877211208220541
2024-11-24,33,SA,weather,0.7894736842105263,0.8394736842105264,0.2306182121971596,0.48398449994087855,-0.05,-0.047619047619047616,0.17689075630252105,1,0,36,0.6449608859709568,0.3685793152312188,0.9166666666666666,0.0833333333333333,0.0,0.2048523727109626,-0.0595238095238095,0.1666666666666666,0.4401085132599941
2024-12-01,32,SA,artificial intelligence,0.65,0.9092592592592592,0.09691358024691366,0.4855608290435068,-0.25925925925925924,-0.1,0.17689075630252105,1,0,23,0.1233426414673095,0.5710868931149482,0.4782608695652174,0.217391304347826,0.3043478260869565,0.0076194679538528,0.0322061191626409,0.1819645732689211,0.1157231735134566
2024-12-08,2,SA,World Cup,0.5,-0.5,0.3333333333333333,0.7637626158259733,1.0,-0.5,0.17689075630252105,1,0,346,0.4143783449992064,0.5492537457174204,0.7052023121387283,0.1560693641618497,0.1387283236994219,0.1844190611304458,-0.1695120311869875,0.1238069633015189,0.2299592838687605
2024-12-08,28,SA,artificial intelligence,-0.12121212121212122,-0.7712121212121212,0.08984287317620658,0.48999618174978377,0.65,-0.25925925925925924,0.17689075630252105,0,0,50,0.2893414756096899,0.5207030136884877,0.52,0.14,0.34,0.1659988341423804,-0.077391304347826,0.0417391304347826,0.1233426414673095
2024-12-15,1,SA,World Cup,-0.3333333333333333,-0.8333333333333333,0.3888888888888889,0.6735753140545633,0.5,1.0,0.17689075630252105,0,0,51,0.2511048286276705,0.6379575618975638,0.5098039215686274,0.2352941176470588,0.2549019607843137,-0.1632735163715358,0.0792247534852091,-0.1953983905701009,0.4143783449992064
2024-12-15,21,SA,artificial intelligence,-0.2413793103448276,-0.12016718913270638,0.0958028561476838,0.48369504238369315,-0.12121212121212122,0.65,0.17689075630252105,0,0,88,0.4822340804173357,0.5310035950422042,0.7045454545454546,0.125,0.1704545454545454,0.1928926048076458,-0.015,0.1845454545454545,0.2893414756096899
2024-12-22,24,SA,artificial intelligence,0.13636363636363635,0.377742946708464,-0.07540926506443742,0.19299186425977247,-0.2413793103448276,-0.12121212121212122,0.17689075630252105,0,0,28,0.2603794672592942,0.6055913707040275,0.5357142857142857,0.1785714285714285,0.2857142857142857,-0.2218546131580415,0.0535714285714285,-0.1688311688311689,0.4822340804173357
2024-12-22,27,SA,weather,-0.3,-0.9666666666666666,0.15252525252525254,0.48627001207183523,0.6666666666666666,0.09090909090909091,0.17689075630252105,0,0,21,0.5988403677142092,0.2912462207014546,0.8571428571428571,0.0,0.1428571428571428,-0.0461205182567475,-0.0833333333333333,-0.0595238095238095,0.6449608859709568
2024-12-29,0,SA,World Cup,0.0,0.5,-0.27777777777777773,0.2545875386086579,-0.5,-0.3333333333333333,0.17689075630252105,0,0,149,-0.0520177576690912,0.6110659195642221,0.3758389261744966,0.4161073825503356,0.2080536912751678,-0.3031225862967617,0.1808132649032767,-0.1339649953941307,0.2511048286276705
2024-12-29,29,SA,weather,0.07142857142857142,0.37142857142857144,0.14603174603174604,0.4876323782900033,-0.3,0.6666666666666666,0.17689075630252105,0,1,20,0.2562088162638247,0.6276022712345599,0.55,0.2,0.25,-0.3426315514503845,0.2,-0.307142857142857,0.5988403677142092
2025-01-05,0,SA,World Cup,0.0,0.0,-0.16666666666666666,0.2886751345948129,0.0,-0.5,0.17689075630252105,0,0,22,-0.04239930187098,0.5594326090645091,0.3181818181818182,0.3181818181818182,0.3636363636363636,0.0096184557981111,-0.0979255643685174,-0.0576571079926784,-0.0520177576690912
2025-01-05,46,SA,weather,0.5666666666666667,0.49523809523809526,0.1126984126984127,0.43480475805424,0.07142857142857142,-0.3,0.17689075630252105,1,0,61,0.5560289259511427,0.3636732711702979,0.8032786885245902,0.0327868852459016,0.1639344262295081,0.299820109687318,-0.1672131147540983,0.2532786885245901,0.2562088162638247
2025-01-19,31,SA,artificial intelligence,0.18518518518518517,0.3142174432497013,0.06810035842293914,0.1717232858132914,-0.12903225806451613,0.14814814814814814,0.17689075630252105,1,0,21,0.2256881328565733,0.4793999312855048,0.3809523809523809,0.0952380952380952,0.5238095238095238,-0.0346913344027208,-0.0833333333333333,-0.1547619047619047,0.2603794672592942
2025-02-02,6,SA,Ramadan,0.16666666666666666,-0.033333333333333354,0.12222222222222223,0.10715167512214405,0.2,0.0,0.17689075630252105,0,1,22,0.2457857975228266,0.5346923111678603,0.5,0.1363636363636363,0.3636363636363636,,,,
2025-02-02,27,SA,artificial intelligence,-0.15151515151515152,-0.18276515151515152,0.021640011223344625,0.16855575664077949,0.03125,0.18518518518518517,0.17689075630252105,0,1,113,0.173972911852519,0.5545612780320484,0.415929203539823,0.1946902654867256,0.3893805309734513,-0.0517152210040543,0.0994521702486304,0.034976822587442,0.2256881328565733
2025-02-09,8,SA,Ramadan,0.2857142857142857,0.11904761904761904,0.21746031746031746,0.06141441943540683,0.16666666666666666,0.2,0.17689075630252105,1,1,38,0.4915989689332874,0.3377373771928531,0.7368421052631579,0.0263157894736842,0.2368421052631578,0.2458131714104608,-0.1100478468899521,0.2368421052631578,0.2457857975228266
2025-02-09,32,SA,artificial intelligence,0.17857142857142858,0.3300865800865801,0.01943542568542576,0.16536013943205777,-0.15151515151515152,0.03125,0.17689075630252105,1,0,114,0.1295848006480618,0.595445548562638,0.4385964912280701,0.2631578947368421,0.2982456140350877,-0.0443881112044572,0.0684676292501164,0.0226672876882471,0.173972911852519
2025-02-09,46,SA,weather,0.7407407407407407,0.8969907407407407,0.2717533238366572,0.4498976207506273,-0.15625,0.23076923076923078,0.17689075630252105,1,0,44,0.0298463454343039,0.6719493556522238,0.5227272727272727,0.4545454545454545,0.0227272727272727,-0.5261825805168387,0.4217585692995529,-0.2805514157973174,0.5560289259511427
2025-02-16,11,SA,Ramadan,0.3333333333333333,0.047619047619047616,0.2619047619047619,0.0858464589396189,0.2857142857142857,0.16666666666666666,0.17689075630252105,1,1,672,-0.2218513386448778,0.6193451630107675,0.3080357142857143,0.5505952380952381,0.1413690476190476,-0.7134503075781653,0.524279448621554,-0.4288063909774435,0.4915989689332874
2025-02-16,25,SA,artificial intelligence,-0.21212121212121213,-0.3906926406926407,-0.06168831168831162,0.21026609507432434,0.17857142857142858,-0.15151515151515152,0.17689075630252105,0,0,27,-0.0068062953650951,0.5668977623514443,0.2222222222222222,0.3333333333333333,0.4444444444444444,-0.136391096013157,0.0701754385964912,-0.2163742690058479,0.1295848006480618
2025-02-23,70,SA,Ramadan,4.916666666666667,4.583333333333334,1.8452380952380956,2.6600417281435367,0.3333333333333333,0.2857142857142857,0.17689075630252105,1,0,419,0.3759952114677159,0.575194286334499,0.6730310262529833,0.1670644391408114,0.1599045346062052,0.5978465501125938,-0.3835307989544266,0.364995311967269,-0.2218513386448778
2025-02-23,1,SA,World Cup,1.0,1.0,0.3333333333333333,0.5773502691896255,0.0,0.0,0.17689075630252105,1,0,20,0.61686301487498,0.3048787873558172,0.9,0.0,0.1,0.65926231674596,-0.3181818181818182,0.5818181818181818,-0.04239930187098
2025-02-23,21,SA,artificial intelligence,-0.15384615384615385,0.05827505827505827,-0.062465312465312395,0.21076771218915416,-0.21212121212121213,0.17857142857142858,0.17689075630252105,0,0,93,0.1116951896098031,0.612257236330091,0.4193548387096774,0.3440860215053763,0.2365591397849462,0.1185014849748983,0.010752688172043,0.1971326164874552,-0.0068062953650951
2025-02-23,43,US,bitcoin,0.4666666666666667,0.4666666666666667,0.05478036175710601,0.38741184212740265,0.0,-0.3023255813953488,0.1111111111111111,1,1,60,-0.4641243219686051,0.5785811165586535,0.15,0.7333333333333333,0.1166666666666666,,,,
2025-03-02,26,SA,Ramadan,-0.6197183098591549,-5.536384976525822,1.5434272300469483,2.959921465380942,4.916666666666667,0.3333333333333333,0.17689075630252105,0,0,670,0.2009561210259128,0.6136705839191476,0.5582089552238806,0.2656716417910448,0.1761194029850746,-0.1750390904418031,0.0986072026502333,-0.1148220710291026,0.3759952114677159
2025-03-02,0,SA,World Cup,-0.5,-1.5,0.16666666666666666,0.7637626158259732,1.0,0.0,0.17689075630252105,0,1,105,0.0094519446470907,0.60806973550025,0.3904761904761905,0.3714285714285714,0.238095238095238,-0.6074110702278892,0.3714285714285714,-0.5095238095238095,0.61686301487498
2025-03-02,20,SA,artificial intelligence,-0.045454545454545456,0.1083916083916084,-0.1371406371406371,0.08457984488483752,-0.15384615384615385,-0.21212121212121213,0.17689075630252105,0,0,36,-0.0333625574906667,0.6599033999859557,0.3888888888888889,0.3611111111111111,0.25,-0.1450577471004699,0.0170250896057347,-0.0304659498207885,0.1116951896098031
2025-03-02,51,SA,weather,0.13043478260869565,0.22847399829497017,0.03916731663371489,0.12096648435294291,-0.09803921568627451,0.0851063829787234,0.17689075630252105,0,0,29,0.5825000812845498,0.4320243538605379,0.8275862068965517,0.1034482758620689,0.0689655172413793,0.5526537358502458,-0.3510971786833856,0.304858934169279,0.0298463454343039
2025-03-02,50,US,bitcoin,0.1590909090909091,-0.3075757575757576,0.20858585858585865,0.23723776462354185,0.4666666666666667,0.0,0.1111111111111111,1,0,297,-0.3883062156563254,0.5152506648046529,0.1279461279461279,0.6363636363636364,0.2356902356902357,0.0758181063122797,-0.0969696969696969,-0.022053872053872,-0.4641243219686051
2025-03-02,43,US,inflation,-0.10204081632653061,-0.12287414965986394,-0.06410619803476945,0.07369946101325661,0.020833333333333332,-0.1111111111111111,0.1111111111111111,0,1,304,-0.519222799979616,0.4728613815753663,0.0888157894736842,0.7467105263157895,0.1644736842105263,,,,
2025-03-02,58,US,weather,0.2553191489361702,0.5838905775075988,-0.024417426545086125,0.29271011199624253,-0.32857142857142857,0.0,0.1111111111111111,1,0,273,-0.319514338728791,0.5664200606353298,0.2087912087912088,0.5860805860805861,0.2051282051282051,,,,
2025-03-09,18,SA,Ramadan,-0.2962962962962963,0.3234220135628586,1.3335506868370721,3.1072802486092095,-0.6197183098591549,4.916666666666667,0.17689075630252105,0,0,306,0.0876472915729714,0.6260936823283899,0.4869281045751634,0.3431372549019608,0.1699346405228758,-0.1133088294529413,0.0774656131109159,-0.0712808506487172,0.2009561210259128
2025-03-09,1,SA,World Cup,1.0,1.5,0.5,0.8660254037844384,-0.5,1.0,0.17689075630252105,1,1,28,-0.1120976230927876,0.5939169552590751,0.3214285714285714,0.4642857142857143,0.2142857142857142,-0.1215495677398783,0.0928571428571428,-0.069047619047619,0.0094519446470907
2025-03-09,18,SA,artificial intelligence,-0.09523809523809523,-0.04978354978354978,-0.09817959817959811,0.054255640463422065,-0.045454545454545456,-0.15384615384615385,0.17689075630252105,0,0,92,0.2054465879058546,0.5906719979278472,0.4782608695652174,0.2608695652173913,0.2608695652173913,0.2388091453965213,-0.1002415458937198,0.0893719806763285,-0.0333625574906667
2025-03-09,33,SA,weather,-0.34615384615384615,-0.4765886287625418,-0.10458609307714163,0.23836175546659782,0.13043478260869565,-0.09803921568627451,0.17689075630252105,0,1,29,0.3533559677287423,0.6077483549591199,0.6551724137931034,0.1724137931034483,0.1724137931034483,-0.2291441135558075,0.0689655172413793,-0.1724137931034483,0.5825000812845498
2025-03-09,22,US,electric cars,0.09523809523809523,0.09523809523809523,0.016594516594516592,0.07179929158439793,0.0,-0.045454545454545456,0.1111111111111111,0,0,394,-0.4559422138662356,0.5019852629210892,0.1192893401015228,0.7030456852791879,0.1776649746192893,,,,
2025-03-09,58,US,inflation,0.3409090909090909,0.4429499072356215,0.08656720263863121,0.22867413771652437,-0.10204081632653061,0.020833333333333332,0.1111111111111111,1,0,1839,-0.4829425945069768,0.5221397541607694,0.1408374116367591,0.7292006525285482,0.1299619358346927,0.0362802054726391,-0.0175098737872413,0.0520216221630749,-0.519222799979616
2025-03-09,64,US,weather,0.1016949152542373,-0.1536242336819329,0.00948087853965964,0.30267081631855003,0.2553191489361702,-0.32857142857142857,0.1111111111111111,0,0,667,-0.3455044423248144,0.5548897946226148,0.1934032983508246,0.6086956521739131,0.1979010494752623,-0.0259901035960234,0.0226150660933269,-0.0153879104403842,-0.319514338728791
2025-03-16,15,SA,Ramadan,-0.15789473684210525,0.13840155945419103,-0.35796978099918547,0.23700836944104586,-0.2962962962962963,-0.6197183098591549,0.17689075630252105,0,0,297,0.3242742227678899,0.6180611774186189,0.6498316498316499,0.2323232323232323,0.1178451178451178,0.2366269311949184,-0.1108140225787284,0.1629035452564864,0.0876472915729714
2025-03-16,21,SA,artificial intelligence,0.15789473684210525,0.2531328320802005,0.005734032049821591,0.13410540824077988,-0.09523809523809523,-0.045454545454545456,0.17689075630252105,0,0,34,0.2620570691685904,0.6756246797778179,0.4705882352941176,0.2647058823529412,0.2647058823529412,0.0566104812627358,0.0038363171355498,-0.0076726342710997,0.2054465879058546
2025-03-16,41,SA,weather,0.23529411764705882,0.5814479638009049,0.006525018033969469,0.30989620192860967,-0.34615384615384615,0.13043478260869565,0.17689075630252105,1,0,82,0.3440915807491032,0.497154874728387,0.6585365853658537,0.1707317073170731,0.1707317073170731,-0.009264386979639,-0.0016820857863751,0.0033641715727502,0.3533559677287423
2025-03-16,23,US,electric cars,0.043478260869565216,-0.05175983436853002,0.04623878536922015,0.04767902125442622,0.09523809523809523,0.0,0.1111111111111111,0,1,239,-0.5083351238634609,0.4552842354688693,0.0794979079497908,0.698744769874477,0.2217573221757322,-0.0523929099972252,-0.0043009154047108,-0.039791432151732,-0.4559422138662356
2025-03-16,37,US,inflation,-0.3559322033898305,-0.6968412942989214,-0.0390213096024234,0.3526691665440309,0.3409090909090909,-0.10204081632653061,0.1111111111111111,0,0,240,-0.5549821247152674,0.4700747376794514,0.0916666666666666,0.7708333333333334,0.1375,-0.0720395302082905,0.0416326808047852,-0.0491707449700924,-0.4829425945069768
2025-03-16,58,US,weather,-0.09230769230769231,-0.1940026075619296,0.08823545729423839,0.17420382586134314,0.1016949152542373,0.2553191489361702,0.1111111111111111,0,0,586,-0.3815273246632527,0.5519991241280129,0.1791808873720136,0.6313993174061433,0.189419795221843,-0.0360228823384382,0.0227036652322302,-0.0142224109788109,-0.3455044423248144
2025-03-23,17,SA,Ramadan,0.125,0.28289473684210525,-0.10973034437946717,0.2147382100237691,-0.15789473684210525,-0.2962962962962963,0.17689075630252105,0,0,587,0.4073196510233784,0.5531288014244325,0.7257240204429302,0.1550255536626916,0.1192504258943781,0.0830454282554885,-0.0772976786605406,0.0758923706112802,0.3242742227678899
2025-03-23,2,SA,World Cup,0.0,-0.5,0.5,0.49999999999999956,0.5,1.0,0.17689075630252105,0,0,48,0.0255968217388726,0.6325609700760616,0.4583333333333333,0.375,0.1666666666666666,0.1376944448316603,-0.0892857142857143,0.1369047619047618,-0.1120976230927876
2025-03-23,18,SA,artificial intelligence,-0.13636363636363635,-0.2942583732057416,-0.02456899825320871,0.1593505208711816,0.15789473684210525,-0.09523809523809523,0.17689075630252105,0,0,34,0.3881195588859127,0.5403379088979144,0.6764705882352942,0.1764705882352941,0.1470588235294117,0.1260624897173222,-0.088235294117647,0.2058823529411765,0.2620570691685904
2025-03-23,33,SA,weather,-0.19047619047619047,-0.4257703081232493,-0.10044530632765923,0.3009976806014944,0.23529411764705882,-0.34615384615384615,0.17689075630252105,0,0,51,0.4598572090925539,0.5220050875966104,0.7450980392156863,0.1568627450980392,0.0980392156862745,0.1157656283434506,-0.0138689622190339,0.0865614538498326,0.3440915807491032
2025-03-23,19,US,artificial intelligence,-0.13043478260869565,-0.22567287784679088,-0.040717736369910294,0.11973128623391958,0.09523809523809523,-0.08695652173913043,0.1111111111111111,0,0,35,-0.4708771860226989,0.4815823493037194,0.0857142857142857,0.6571428571428571,0.2571428571428571,,,,
2025-03-23,26,US,electric cars,0.125,0.08152173913043478,0.0879054520358868,0.04125256634393598,0.043478260869565216,0.09523809523809523,0.1111111111111111,1,0,2094,-0.5201131004600856,0.506298626372851,0.1136580706781279,0.7440305635148042,0.1423113658070678,-0.0117779765966247,0.0452857936403272,0.0341601627283371,-0.5083351238634609
2025-03-23,55,US,weather,-0.05084745762711865,0.041460234680573665,-0.013820078226857888,0.10216419653746214,-0.09230769230769231,0.1016949152542373,0.1111111111111111,0,1,48,-0.3674604271460945,0.557416935735266,0.2083333333333333,0.6041666666666666,0.1875,0.0140668975171581,-0.0272326507394766,0.0291524459613196,-0.3815273246632527
2025-03-30,3,SA,Ramadan,-0.7777777777777778,-0.9027777777777778,-0.270224171539961,0.46175248287041976,0.125,-0.15789473684210525,0.17689075630252105,0,0,68,0.2585410404101233,0.657356012457382,0.6323529411764706,0.25,0.1176470588235294,-0.1487786106132551,0.0949744463373083,-0.0933710792664596,0.4073196510233784
2025-03-30,17,SA,artificial intelligence,-0.05263157894736842,0.08373205741626794,-0.010366826156299769,0.1516137511797331,-0.13636363636363635,0.15789473684210525,0.17689075630252105,0,1,23,-0.0709000743277694,0.4865340241844754,0.2608695652173913,0.3043478260869565,0.4347826086956521,-0.4590196332136822,0.1278772378516624,-0.4156010230179028,0.3881195588859127
2025-03-30,24,US,electric cars,-0.07407407407407407,-0.19907407407407407,0.031468062265163715,0.10007899577334078,0.125,0.043478260869565216,0.1111111111111111,0,0,418,-0.5207583781957859,0.4833439684488436,0.1124401913875598,0.7248803827751196,0.1626794258373205,-0.0006452777357002,-0.0191501807396846,-0.0012178792905681,-0.5201131004600856
2025-03-30,48,US,inflation,0.1951219512195122,0.11617458279845957,-0.02728762791642188,0.2904816279270891,0.07894736842105263,-0.3559322033898305,0.1111111111111111,1,0,108,-0.448676953540632,0.5331730979163709,0.1388888888888889,0.7037037037037037,0.1574074074074074,0.1063051711746354,-0.0671296296296296,0.0472222222222222,-0.5549821247152674
2025-03-30,75,US,weather,0.35714285714285715,0.4079903147699758,0.07132923573601539,0.24838842042497108,-0.05084745762711865,-0.09230769230769231,0.1111111111111111,1,0,791,-0.3494702938534366,0.5258627309133185,0.1908975979772439,0.5916561314791403,0.2174462705436156,0.0179901332926579,-0.0125105351875263,-0.0174357353560893,-0.3674604271460945
2025-04-06,1,SA,Ramadan,-0.5,0.2777777777777778,-0.38425925925925924,0.4623838971166208,-0.7777777777777778,0.125,0.17689075630252105,0,0,25,-0.0185342498496174,0.6123431119942486,0.36,0.24,0.4,-0.2770752902597408,-0.01,-0.2723529411764706,0.2585410404101233
2025-04-06,24,SA,artificial intelligence,0.3888888888888889,0.4415204678362573,0.06663122452596144,0.28220607016908283,-0.05263157894736842,-0.13636363636363635,0.17689075630252105,1,0,85,0.266583660935216,0.5457208302476071,0.4941176470588235,0.1764705882352941,0.3294117647058823,0.3374837352629856,-0.1278772378516624,0.2332480818414322,-0.0709000743277694
2025-04-06,13,SA,inflation,-0.5172413793103449,-1.7480106100795756,0.29844867775902256,0.8798222989190756,1.2307692307692308,0.18181818181818182,0.17689075630252105,0,0,29,0.3711643496785184,0.6060428273438523,0.6896551724137931,0.2068965517241379,0.1034482758620689,0.0983228623354598,0.032983508245877,0.1461769115442279,0.2728414873430586
2025-04-06,22,SA,weather,-0.28125,-0.22242647058823528,-0.17684990662931835,0.1118375626218281,-0.058823529411764705,-0.19047619047619047,0.17689075630252105,0,0,37,0.5061233342449004,0.4879185777504706,0.8378378378378378,0.081081081081081,0.081081081081081,0.0462661251523465,-0.0757816640169581,0.0927397986221515,0.4598572090925539
2025-04-06,19,US,artificial intelligence,-0.09090909090909091,-0.19090909090909092,-0.040447957839262194,0.12322658691206802,0.1,-0.13043478260869565,0.1111111111111111,0,0,20,-0.4972506092861294,0.5110973591771093,0.1,0.8,0.1,-0.0263734232634305,0.1428571428571429,0.0142857142857142,-0.4708771860226989
2025-04-06,49,US,inflation,0.02040816326530612,-0.17471378795420608,0.09815916096862366,0.08892719862334049,0.1951219512195122,0.07894736842105263,0.1111111111111111,0,0,684,-0.3708320914125016,0.563673944137242,0.1812865497076023,0.6359649122807017,0.1827485380116959,0.0778448621281304,-0.0677387914230019,0.0423976608187134,-0.448676953540632
2025-04-06,51,US,weather,-0.3157894736842105,-0.6729323308270676,-0.003164691389490678,0.33899073013158004,0.35714285714285715,-0.05084745762711865,0.1111111111111111,0,0,114,-0.3601144991177869,0.5191464388408377,0.1666666666666666,0.5964912280701754,0.2368421052631578,-0.0106442052643502,0.004835096591035,-0.0242309313105773,-0.3494702938534366
2025-04-13,1,SA,World Cup,1.0,1.0,0.11111111111111112,0.838870492807861,0.0,-0.6666666666666666,0.17689075630252105,1,0,41,0.1183675876705021,0.5791447668756463,0.3902439024390244,0.2926829268292683,0.3170731707317073,0.0927707659316294,-0.0823170731707317,-0.0680894308943089,0.0255968217388726
2025-04-13,25,SA,artificial intelligence,0.04,-0.3488888888888889,0.12541910331384024,0.23282482317783976,0.3888888888888889,-0.05263157894736842,0.17689075630252105,0,0,20,0.1696228829212486,0.5916448533610665,0.45,0.2,0.35,-0.0969607780139674,0.0235294117647058,-0.0441176470588235,0.266583660935216
2025-04-13,12,SA,inflation,-0.07142857142857142,0.44581280788177347,0.21403309334343815,0.908295956601425,-0.5172413793103449,1.2307692307692308,0.17689075630252105,0,0,73,-0.0527607770764256,0.5874321970769362,0.3424657534246575,0.3972602739726027,0.2602739726027397,-0.4239251267549441,0.1903637222484648,-0.3471894189891356,0.3711643496785184
2025-04-13,23,SA,weather,0.043478260869565216,0.3247282608695652,-0.09886508951406647,0.166025918920549,-0.28125,-0.058823529411764705,0.17689075630252105,0,0,51,0.4271843669132567,0.4527691107500609,0.6666666666666666,0.0980392156862745,0.2352941176470588,-0.0789389673316437,0.0169581346051934,-0.1711711711711712,0.5061233342449004
2025-04-13,26,US,electric cars,0.08,0.08,0.0019753086419753104,0.07705602804855126,0.0,-0.07407407407407407,0.1111111111111111,0,1,74,-0.4943635950519426,0.4625222567063282,0.1081081081081081,0.7162162162162162,0.1756756756756756,0.0263947831438431,-0.0086641665589033,-0.0043320832794516,-0.5207583781957859
2025-04-20,0,SA,World Cup,-0.5,-1.5,0.16666666666666666,0.7637626158259733,1.0,0.0,0.17689075630252105,0,0,58,0.2592902164906263,0.5034575024833217,0.5,0.1551724137931034,0.3448275862068966,0.1409226288201241,-0.1375105130361648,0.1097560975609756,0.1183675876705021
2025-04-20,27,SA,artificial intelligence,0.07692307692307693,0.036923076923076927,0.1686039886039887,0.19166352384455765,0.04,0.3888888888888889,0.17689075630252105,0,0,48,0.0658854632638394,0.6133673656976778,0.3958333333333333,0.25,0.3541666666666667,-0.1037374196574091,0.0499999999999999,-0.0541666666666666,0.1696228829212486
2025-04-20,7,SA,inflation,-0.38461538461538464,-0.3131868131868132,-0.3244284451181004,0.22891945238968808,-0.07142857142857142,-0.5172413793103449,0.17689075630252105,0,0,54,-0.0435009306227719,0.6558844798747764,0.4074074074074074,0.5,0.0925925925925925,0.0092598464536536,0.1027397260273972,0.0649416539827498,-0.0527607770764256
2025-04-20,35,US,electric cars,0.3333333333333333,0.2533333333333333,0.13777777777777778,0.17401575067068348,0.08,0.0,0.1111111111111111,1,0,1605,-0.3088582046852212,0.5786349000310362,0.2143302180685358,0.5769470404984424,0.2087227414330218,0.1855053903667214,-0.1392691757177738,0.1062221099604277,-0.4943635950519426
2025-04-20,36,US,inflation,-0.02631578947368421,0.21368421052631578,-0.08196920873612602,0.13883832388970807,-0.24,0.02040816326530612,0.1111111111111111,0,1,45,0.0682173219612903,0.5607384384321767,0.3555555555555555,0.2888888888888888,0.3555555555555555,0.4390494133737919,-0.3470760233918128,0.1742690058479532,-0.3708320914125016
2025-04-27,20,SA,artificial intelligence,-0.25,-0.3269230769230769,-0.04435897435897427,0.17904469266746392,0.07692307692307693,0.04,0.17689075630252105,0,0,50,0.2269800402969121,0.5708210604527463,0.48,0.24,0.28,0.1610945770330727,-0.01,0.0841666666666666,0.0658854632638394
2025-04-27,22,SA,weather,0.0,0.041666666666666664,0.0006038647342995543,0.04257567569341075,-0.041666666666666664,0.043478260869565216,0.17689075630252105,0,0,51,0.4405836922061794,0.5496786821784136,0.7254901960784313,0.1176470588235294,0.1568627450980392,0.0133993252929227,0.0196078431372549,0.0588235294117647,0.4271843669132567
2025-04-27,26,US,bitcoin,-0.12903225806451613,-0.3213399503722084,-0.10085940809780299,0.2801451507710108,0.19230769230769232,-0.36585365853658536,0.1111111111111111,0,1,125,-0.4653134320676326,0.5373157820033228,0.128,0.736,0.136,-0.0770072164113072,0.0996363636363636,5.387205387205607e-05,-0.3883062156563254
2025-04-27,23,US,electric cars,-0.3333333333333333,-0.6666666666666666,0.026666666666666672,0.33651811904330564,0.3333333333333333,0.08,0.1111111111111111,0,0,56,-0.4131097877065519,0.5600853759737272,0.1785714285714285,0.6785714285714286,0.1428571428571428,-0.1042515830213306,0.1016243880729862,-0.0357587894971072,-0.3088582046852212
2025-04-27,42,US,inflation,0.16216216216216217,0.18847795163584638,-0.034717875770507334,0.20121269209307052,-0.02631578947368421,-0.24,0.1111111111111111,1,0,126,-0.447802959586538,0.5441098103719395,0.1666666666666666,0.6666666666666666,0.1666666666666666,-0.5160202815478283,0.3777777777777777,-0.1888888888888889,0.0682173219612903
2025-04-27,60,US,weather,0.07017543859649122,-0.025978407557354935,0.05544309491677912,0.04974104939853252,0.09615384615384616,0.0,0.1111111111111111,0,0,435,-0.3528782262541782,0.5297505087904631,0.1862068965517241,0.632183908045977,0.1816091954022988,0.0072362728636087,0.0356926799758016,0.0195402298850574,-0.3601144991177869
2025-05-04,1,SA,Ramadan,0.0,0.0,0.0,0.0,0.0,0.0,0.17689075630252105,0,0,46,0.3510707331537876,0.5745102565814898,0.6521739130434783,0.1956521739130435,0.1521739130434782,0.3696049830034051,-0.0443478260869565,0.2921739130434783,-0.0185342498496174
2025-05-04,0,SA,World Cup,0.0,0.0,-0.16666666666666666,0.2886751345948133,0.0,-0.5,0.17689075630252105,0,0,139,0.2290875310909083,0.6356205486447764,0.5683453237410072,0.302158273381295,0.1294964028776978,-0.0302026853997179,0.1469858595881915,0.0683453237410072,0.2592902164906263
2025-05-04,22,SA,artificial intelligence,0.09523809523809523,0.34523809523809523,-0.025946275946275865,0.19425219025979254,-0.25,0.07692307692307693,0.17689075630252105,0,1,117,0.1869608713871138,0.6100671078806961,0.5299145299145299,0.2564102564102564,0.2136752136752136,-0.0400191689097983,0.0164102564102563,0.0499145299145299,0.2269800402969121
2025-05-04,14,SA,inflation,0.6666666666666666,0.5416666666666666,0.13568376068376062,0.525722450437215,0.125,-0.38461538461538464,0.17689075630252105,1,0,23,0.2973241532707344,0.616049731895821,0.5652173913043478,0.1739130434782608,0.2608695652173913,0.3408250838935063,-0.3260869565217391,0.1578099838969404,-0.0435009306227719
2025-05-04,22,SA,weather,0.0,0.0,-0.013888888888888852,0.024056261216233183,0.0,-0.041666666666666664,0.17689075630252105,0,0,41,0.277973781317109,0.4822070128771727,0.6097560975609756,0.1463414634146341,0.2439024390243902,-0.1626099108890703,0.0286944045911047,-0.1157340985174557,0.4405836922061794
2025-05-04,31,US,bitcoin,0.18518518518518517,0.3142174432497013,0.08282020647612051,0.18350417590857093,-0.12903225806451613,0.19230769230769232,0.1111111111111111,1,0,115,-0.1766176359161086,0.6406138818317009,0.2608695652173913,0.4782608695652174,0.2608695652173913,0.2886957961515239,-0.2577391304347826,0.1328695652173913,-0.4653134320676326
2025-05-04,37,US,inflation,-0.11627906976744186,-0.278441231929604,0.006522434307012044,0.14209553692999038,0.16216216216216217,-0.02631578947368421,0.1111111111111111,0,1,228,-0.4811918274336086,0.5152974878234826,0.1447368421052631,0.7412280701754386,0.1140350877192982,-0.0333888678470705,0.0745614035087719,-0.0219298245614034,-0.447802959586538
2025-05-11,27,SA,artificial intelligence,0.21739130434782608,0.12215320910973085,0.02087646652864052,0.24240647003170668,0.09523809523809523,-0.25,0.17689075630252105,1,0,66,0.295733778300046,0.5541313135234942,0.6363636363636364,0.1818181818181818,0.1818181818181818,0.1087729069129321,-0.0745920745920745,0.1064491064491064,0.1869608713871138
2025-05-11,10,SA,inflation,-0.26666666666666666,-0.9333333333333333,0.17499999999999996,0.4686712896879619,0.6666666666666666,0.125,0.17689075630252105,0,0,427,0.047052293143451,0.6218825863708763,0.4449648711943794,0.351288056206089,0.2037470725995316,-0.2502718601272833,0.1773750127278281,-0.1202525201099684,0.2973241532707344
2025-05-11,45,US,inflation,0.21052631578947367,0.3268053855569155,0.08546980272806466,0.17638517087308592,-0.11627906976744186,0.16216216216216217,0.1111111111111111,1,0,479,-0.3128569243156928,0.6170450696269077,0.2275574112734864,0.6096033402922756,0.162839248434238,0.1683349031179157,-0.1316247298831629,0.0828205691682232,-0.4811918274336086
2025-05-11,62,US,weather,0.03278688524590164,0.03278688524590164,0.03432077461413096,0.035112856021661906,0.0,0.07017543859649122,0.1111111111111111,0,0,214,-0.3504951178035307,0.5585124780745269,0.1915887850467289,0.6401869158878505,0.1682242990654205,0.0023831084506474,0.0080030078418734,0.0053818884950048,-0.3528782262541782
2025-05-18,0,SA,World Cup,0.0,0.0,0.0,0.0,0.0,0.0,0.17689075630252105,0,1,29,0.4859846505689724,0.5257545324829989,0.7586206896551724,0.1034482758620689,0.1379310344827586,0.256897119478064,-0.198709997519226,0.1902753659141651,0.2290875310909083
2025-05-18,26,SA,artificial intelligence,-0.03571428571428571,-0.2531055900621118,0.09230503795721196,0.12657828427077147,0.21739130434782608,0.09523809523809523,0.17689075630252105,0,0,52,0.139503238364481,0.7165901354728168,0.4807692307692308,0.3653846153846153,0.1538461538461538,-0.156230539935565,0.1835664335664335,-0.1555944055944055,0.295733778300046
2025-05-18,8,SA,inflation,-0.18181818181818182,0.08484848484848484,0.07272727272727268,0.5161131843889396,-0.26666666666666666,0.6666666666666666,0.17689075630252105,0,1,75,0.0474973385781049,0.5504880676040718,0.4133333333333333,0.36,0.2266666666666666,0.0004450454346539,0.0087119437939109,-0.031631537861046,0.047052293143451
2025-05-18,27,SA,weather,0.16666666666666666,0.12318840579710144,0.070048309178744,0.08645183656122335,0.043478260869565216,0.0,0.17689075630252105,0,0,36,0.3703752533118758,0.6127636940096334,0.6666666666666666,0.2222222222222222,0.1111111111111111,0.0924014719947667,0.075880758807588,0.056910569105691,0.277973781317109
2025-05-18,18,US,artificial intelligence,-0.17391304347826086,-0.17391304347826086,-0.042819499341238486,0.11578284376980873,0.0,0.045454545454545456,0.1111111111111111,0,0,204,-0.348514747294579,0.5763070285735417,0.2058823529411764,0.6225490196078431,0.1715686274509804,0.1487358619915504,-0.1774509803921569,0.1058823529411764,-0.4972506092861294
2025-05-18,39,US,bitcoin,0.25,0.25,0.1450617283950618,0.12973981208014598,0.0,0.18518518518518517,0.1111111111111111,1,0,250,-0.445741699937731,0.5833085353501599,0.156,0.664,0.18,-0.2691240640216223,0.1857391304347826,-0.1048695652173913,-0.1766176359161086
2025-05-18,35,US,inflation,-0.21739130434782608,-0.4279176201372997,-0.04104801944193142,0.22365856926530284,0.21052631578947367,-0.11627906976744186,0.1111111111111111,0,0,42,-0.4179468684208889,0.5048497552903474,0.119047619047619,0.6904761904761905,0.1904761904761904,-0.1050899441051961,0.0808728501839148,-0.1085097922258674,-0.3128569243156928
2025-05-18,54,US,weather,-0.12698412698412698,-0.15977101223002863,-0.03139908057940844,0.08438673345482763,0.03278688524590164,0.0,0.1111111111111111,0,1,162,-0.3426802043607573,0.5529700192467811,0.1790123456790123,0.6111111111111112,0.2098765432098765,0.0078149134427733,-0.0290758047767393,-0.0125764393677166,-0.3504951178035307
2025-05-25,1,SA,World Cup,1.0,1.0,0.3333333333333333,0.5773502691896255,0.0,0.0,0.17689075630252105,1,1,59,0.1454338114392959,0.6485976209581613,0.5084745762711864,0.3050847457627119,0.1864406779661017,-0.3405508391296764,0.2016364699006429,-0.2501461133839859,0.4859846505689724
2025-05-25,22,SA,artificial intelligence,-0.14814814814814814,-0.11243386243386243,0.011176290161797497,0.18722664717464027,-0.03571428571428571,0.21739130434782608,0.17689075630252105,0,0,62,0.3622576909800691,0.5471063850911569,0.5967741935483871,0.1129032258064516,0.2903225806451613,0.2227544526155881,-0.2524813895781637,0.1160049627791563,0.139503238364481
2025-05-25,17,SA,inflation,1.0,1.1818181818181819,0.1838383838383838,0.708088733222699,-0.18181818181818182,-0.26666666666666666,0.17689075630252105,1,0,48,0.3566821503142516,0.5966712390601685,0.6875,0.2083333333333333,0.1041666666666666,0.3091848117361466,-0.1516666666666666,0.2741666666666666,0.0474973385781049
2025-05-25,24,SA,weather,-0.10714285714285714,-0.2738095238095238,0.03433402346445828,0.13713360871970887,0.16666666666666666,0.043478260869565216,0.17689075630252105,0,0,49,0.5016613766855124,0.5130926053653897,0.8163265306122449,0.1224489795918367,0.0612244897959183,0.1312861233736365,-0.0997732426303854,0.1496598639455783,0.3703752533118758
2025-05-25,19,US,artificial intelligence,0.05263157894736842,0.22654462242562928,-0.04042715484363083,0.11855961632889983,-0.17391304347826086,0.0,0.1111111111111111,0,1,184,-0.2663323353095304,0.5640514083105166,0.2445652173913043,0.5217391304347826,0.233695652173913,0.0821824119850486,-0.1008098891730605,0.0386828644501278,-0.348514747294579
2025-05-25,34,US,bitcoin,-0.125,-0.375,0.04166666666666672,0.1909406539564932,0.25,0.0,0.1111111111111111,0,0,1343,-0.3301698844030372,0.5855434781681134,0.2077438570364854,0.6075949367088608,0.1846612062546537,0.1155718155346938,-0.0564050632911392,0.0517438570364854,-0.445741699937731
2025-05-25,34,US,inflation,-0.027777777777777776,0.18961352657004832,-0.011547588778710057,0.21442000065805836,-0.21739130434782608,0.21052631578947367,0.1111111111111111,0,0,33,-0.5283519292927601,0.4227260766750882,0.0606060606060606,0.7272727272727273,0.2121212121212121,-0.1104050608718711,0.0367965367965368,-0.0584415584415584,-0.4179468684208889
2025-05-25,61,US,weather,0.12727272727272726,0.25425685425685424,0.011025161844833977,0.1285177670136944,-0.12698412698412698,0.03278688524590164,0.1111111111111111,1,0,321,-0.5923665462647829,0.4235227151268778,0.0747663551401869,0.7881619937694704,0.1370716510903426,-0.2496863419040255,0.1770508826583592,-0.1042459905388254,-0.3426802043607573
2025-06-01,21,SA,artificial intelligence,-0.043478260869565216,0.10466988727858292,-0.07578023157733293,0.06279256595452451,-0.14814814814814814,-0.03571428571428571,0.17689075630252105,0,0,96,0.0061533718253485,0.5953900276987133,0.3229166666666667,0.34375,0.3333333333333333,-0.3561043191547205,0.2308467741935483,-0.2738575268817204,0.3622576909800691
2025-06-01,24,US,artificial intelligence,0.25,0.19736842105263158,0.0429061784897025,0.2121237956201448,0.05263157894736842,-0.17391304347826086,0.1111111111111111,1,1,339,-0.3799434334182546,0.4979898675260909,0.135693215339233,0.6017699115044248,0.2625368731563421,-0.1136110981087241,0.0800307810696422,-0.1088720020520713,-0.2663323353095304
2025-06-01,30,US,inflation,-0.11428571428571428,-0.0865079365079365,-0.11981826547043938,0.09492775782952724,-0.027777777777777776,-0.21739130434782608,0.1111111111111111,0,1,32,-0.5377641988161486,0.5068743960967239,0.0625,0.75,0.1875,-0.0094122695233884,0.0227272727272727,0.0018939393939393,-0.5283519292927601
2025-06-01,63,US,weather,0.03225806451612903,-0.09501466275659823,0.010848888268243108,0.12847334978452765,0.12727272727272726,-0.12698412698412698,0.1111111111111111,0,0,144,-0.2889289836360452,0.5822995244121115,0.2430555555555555,0.5972222222222222,0.1597222222222222,0.3034375626287377,-0.1909397715472481,0.1682892004153686,-0.5923665462647829
2025-06-08,3,SA,World Cup,0.3333333333333333,-0.16666666666666669,0.611111111111111,0.34694433324435464,0.5,1.0,0.17689075630252105,1,1,167,0.129907724737541,0.6518267633934458,0.5209580838323353,0.3353293413173652,0.1437125748502994,-0.0155260867017548,0.0302445955546533,0.0124835075611489,0.1454338114392959
2025-06-08,20,SA,artificial intelligence,-0.045454545454545456,-0.0019762845849802396,-0.0790269848240862,0.05986883863617158,-0.043478260869565216,-0.14814814814814814,0.17689075630252105,0,1,27,0.1145182113266653,0.6144111870929281,0.4444444444444444,0.2592592592592592,0.2962962962962963,0.1083648395013167,-0.0844907407407407,0.1215277777777777,0.0061533718253485
2025-06-08,2,US,World Cup,0.5,0.5,0.5,0.5000000000000001,0.0,1.0,0.1111111111111111,1,1,116,-0.4760039068421284,0.5264441213647251,0.1293103448275862,0.7068965517241379,0.1637931034482758,,,,
2025-06-08,28,US,artificial intelligence,0.16,-0.09,0.15421052631578946,0.09881149685819643,0.25,0.05263157894736842,0.1111111111111111,1,1,349,-0.3065685192042999,0.5453645663469592,0.2034383954154728,0.5816618911174785,0.2148997134670487,0.0733749142139547,-0.0201080203869463,0.0677451800762397,-0.3799434334182546
2025-06-08,37,US,inflation,0.22580645161290322,0.3400921658986175,0.02791431984980372,0.17675372027208736,-0.11428571428571428,-0.027777777777777776,0.1111111111111111,1,0,194,-0.4292186625858711,0.5400173085649602,0.1443298969072164,0.6597938144329897,0.1958762886597938,0.1085455362302774,-0.0902061855670103,0.0818298969072164,-0.5377641988161486
2025-06-08,63,US,weather,0.0,-0.03225806451612903,0.05317693059628543,0.06616483957072027,0.03225806451612903,0.12727272727272726,0.1111111111111111,0,0,62,0.2917462476949778,0.6431804669484432,0.6129032258064516,0.2580645161290322,0.1290322580645161,0.5806752313310231,-0.3391577060931899,0.369847670250896,-0.2889289836360452
2025-06-15,7,SA,World Cup,1.0,0.6666666666666667,0.611111111111111,0.34694433324435464,0.3333333333333333,0.5,0.17689075630252105,1,0,435,-0.0337807363744867,0.644916987348061,0.4022988505747126,0.4459770114942529,0.1517241379310344,-0.1636884611120278,0.1106476701768876,-0.1186592332576226,0.129907724737541
2025-06-15,37,US,artificial intelligence,0.3103448275862069,0.1503448275862069,0.24011494252873558,0.07565829476263157,0.16,0.25,0.1111111111111111,1,0,179,-0.4023422537600444,0.4810690183546245,0.1284916201117318,0.6703910614525139,0.2011173184357542,-0.0957737345557445,0.0887291703350354,-0.0749467753037409,-0.3065685192042999
2025-06-15,30,US,inflation,-0.18421052631578946,-0.4100169779286927,-0.024229929662866842,0.2193422298725717,0.22580645161290322,-0.11428571428571428,0.1111111111111111,0,0,664,-0.5305487462431642,0.4731955025998151,0.0993975903614457,0.75,0.1506024096385542,-0.101330083657293,0.0902061855670103,-0.0449323065457707,-0.4292186625858711
2025-06-15,62,US,weather,-0.015625,-0.015625,0.005544354838709677,0.024418269181026932,0.0,0.03225806451612903,0.1111111111111111,0,0,913,-0.3962709438616791,0.5621002816794713,0.1861993428258488,0.6626506024096386,0.1511500547645126,-0.688017191556657,0.4045860862806063,-0.4267038829806028,0.2917462476949778
2025-06-22,7,SA,World Cup,0.0,-1.0,0.4444444444444444,0.5091750772173151,1.0,0.3333333333333333,0.17689075630252105,0,0,295,0.1549274824117704,0.6199053956218532,0.511864406779661,0.3050847457627119,0.1830508474576271,0.1887082187862572,-0.140892265731541,0.1095655562049484,-0.0337807363744867
2025-06-22,24,SA,artificial intelligence,-0.07407407407407407,-0.35978835978835977,0.0553952220618888,0.19997480507776158,0.2857142857142857,-0.045454545454545456,0.17689075630252105,0,0,72,0.1842260564703287,0.5640070779549616,0.4722222222222222,0.2083333333333333,0.3194444444444444,0.0697078451436634,-0.0509259259259259,0.0277777777777777,0.1145182113266653
2025-06-22,28,US,artificial intelligence,-0.23684210526315788,-0.5471869328493648,0.07783424077434965,0.28269558514791043,0.3103448275862069,0.16,0.1111111111111111,0,0,174,-0.2723398055217561,0.5806406137259963,0.2011494252873563,0.5632183908045977,0.2356321839080459,0.1300024482382883,-0.1071726706479162,0.0726578051756244,-0.4023422537600444
2025-06-22,20,US,electric cars,0.05,0.09761904761904762,0.0007936507936508047,0.04881436290375159,-0.047619047619047616,0.0,0.1111111111111111,0,0,95,-0.2502847526516569,0.5533170056152003,0.1578947368421052,0.5578947368421052,0.2842105263157894,0.1628250350548949,-0.1206766917293233,-0.0206766917293233,-0.4131097877065519
2025-06-22,31,US,inflation,0.03225806451612903,0.2164685908319185,0.02461799660441426,0.20511523231031936,-0.18421052631578946,0.22580645161290322,0.1111111111111111,0,0,108,-0.2928300033909855,0.5504945595141076,0.1851851851851851,0.5833333333333334,0.2314814814814814,0.2377187428521786,-0.1666666666666666,0.0857875948237393,-0.5305487462431642
2025-06-22,60,US,weather,-0.031746031746031744,-0.016121031746031744,-0.015790343915343914,0.015873661734545394,-0.015625,0.0,0.1111111111111111,0,0,551,-0.1717487229304743,0.5525042725138973,0.248638838475499,0.4373865698729582,0.3139745916515426,0.2245222209312048,-0.2252640325366803,0.0624394956496502,-0.3962709438616791
2025-06-29,8,SA,World Cup,0.125,0.125,0.375,0.5448623679425839,0.0,1.0,0.17689075630252105,0,0,638,0.3320348912420854,0.6067499494777958,0.6347962382445141,0.225705329153605,0.1394984326018808,0.1771074088303149,-0.0793794166091068,0.122931831464853,0.1549274824117704
2025-06-29,24,SA,artificial intelligence,0.0,0.07407407407407407,0.07054673721340395,0.18998565092762248,-0.07407407407407407,0.2857142857142857,0.17689075630252105,0,0,99,0.1246138221461965,0.6204056279904848,0.4343434343434343,0.2828282828282828,0.2828282828282828,-0.0596122343241321,0.0744949494949494,-0.0378787878787878,0.1842260564703287
2025-06-29,25,US,artificial intelligence,-0.10344827586206896,0.1333938294010889,-0.00998185117967334,0.2853162530902442,-0.23684210526315788,0.3103448275862069,0.1111111111111111,0,1,363,-0.1817671376262527,0.5547010369909845,0.234159779614325,0.4407713498622589,0.325068870523416,0.0905726678955033,-0.1224470409423387,0.0330103543269687,-0.2723398055217561
2025-06-29,27,US,bitcoin,-0.06666666666666667,-0.17777777777777776,-0.018518518518518476,0.11349298848921889,0.1111111111111111,-0.1,0.1111111111111111,0,1,335,-0.4192090735339852,0.4600524769848318,0.0955223880597015,0.6417910447761194,0.2626865671641791,-0.089039189130948,0.0341961080672585,-0.1122214689767839,-0.3301698844030372
2025-06-29,21,US,electric cars,0.047619047619047616,-0.0023809523809523864,0.016666666666666677,0.055685788397745156,0.05,-0.047619047619047616,0.1111111111111111,0,0,1772,-0.4894526336567043,0.4982712851771175,0.1218961625282167,0.7065462753950339,0.1715575620767494,-0.2391678810050473,0.1486515385529286,-0.0359985743138885,-0.2502847526516569
2025-06-29,34,US,inflation,0.09375,0.06149193548387097,-0.01940082059988681,0.14600340357680028,0.03225806451612903,-0.18421052631578946,0.1111111111111111,0,0,172,-0.3562767366380539,0.5306231597082917,0.1569767441860465,0.627906976744186,0.2151162790697674,-0.0634467332470684,0.0445736434108526,-0.0282084409991386,-0.2928300033909855
2025-06-29,56,US,weather,-0.06557377049180328,-0.03382773874577154,-0.03764826741261167,0.02549210089044436,-0.031746031746031744,-0.015625,0.1111111111111111,0,0,1231,-0.4072816695679043,0.5216372108693575,0.1535337124289195,0.6450040617384241,0.2014622258326563,-0.23553294663743,0.2076174918654658,-0.0951051260465795,-0.1717487229304743
2025-07-06,1,SA,Ramadan,0.0,0.0,0.0,0.0,0.0,0.0,0.17689075630252105,0,0,20,-0.0459180654026567,0.5378862845778823,0.3,0.4,0.3,-0.3969887985564444,0.2043478260869565,-0.3521739130434783,0.3510707331537876
2025-07-06,4,SA,World Cup,-0.4444444444444444,-0.5694444444444444,-0.10648148148148147,0.29928326590544435,0.125,0.0,0.17689075630252105,0,0,275,0.0906087534603747,0.6375583585587886,0.4254545454545455,0.3490909090909091,0.2254545454545454,-0.2414261377817107,0.123385579937304,-0.2093416927899686,0.3320348912420854
2025-07-06,24,SA,artificial intelligence,0.0,0.0,-0.024691358024691284,0.04276668660663923,0.0,-0.07407407407407407,0.17689075630252105,0,0,128,0.2086183767096372,0.5845115716283728,0.4609375,0.2109375,0.328125,0.0840045545634406,-0.0718907828282828,0.0265940656565656,0.1246138221461965
2025-07-06,71,US,ChatGPT,0.058823529411764705,0.1870286576168929,0.020351061271777385,0.13354306035894345,-0.1282051282051282,0.13043478260869565,0.1111111111111111,0,1,36,-0.2041988700059139,0.6376321400606872,0.2777777777777778,0.5555555555555556,0.1666666666666666,,,,
2025-07-06,2,US,World Cup,-0.4,-0.4,-0.18888888888888888,0.2009237924447241,0.0,-0.16666666666666666,0.1111111111111111,0,0,33,-0.2585715942762114,0.6224995047756776,0.1818181818181818,0.5151515151515151,0.303030303030303,0.217432312565917,-0.1917450365726227,0.0525078369905956,-0.4760039068421284
2025-07-06,31,US,artificial intelligence,0.23076923076923078,0.33421750663129973,-0.036507050118665375,0.2408857326088884,-0.10344827586206896,-0.23684210526315788,0.1111111111111111,1,1,653,-0.3973231829466101,0.4955598490974834,0.1225114854517611,0.6186830015313936,0.2588055130168453,-0.2155560453203574,0.1779116516691345,-0.1116482941625639,-0.1817671376262527
2025-07-06,39,US,bitcoin,0.42857142857142855,0.4952380952380952,0.1576719576719577,0.25088070286116293,-0.06666666666666667,0.1111111111111111,0.1111111111111111,1,1,57,-0.4529426155056347,0.438314112995189,0.0701754385964912,0.6842105263157895,0.2456140350877192,-0.0337335419716495,0.0424194815396701,-0.0253469494632102,-0.4192090735339852
2025-07-06,23,US,electric cars,0.09090909090909091,0.043290043290043295,0.06284271284271285,0.024335332684878853,0.047619047619047616,0.05,0.1111111111111111,0,0,68,-0.3933270006194053,0.5745564469350913,0.1764705882352941,0.6029411764705882,0.2205882352941176,0.0961256330372989,-0.1036050989244457,0.0545744257070774,-0.4894526336567043
2025-07-06,35,US,inflation,0.02857142857142857,-0.06517857142857143,0.05152649769585254,0.03661305684135789,0.09375,0.03225806451612903,0.1111111111111111,0,1,26,-0.2902842521165999,0.5812961954687776,0.2307692307692307,0.5,0.2692307692307692,0.065992484521454,-0.127906976744186,0.0737924865831842,-0.3562767366380539
2025-07-06,61,US,weather,0.08771929824561403,0.15329306873741733,-0.003200167997406999,0.08053471911914716,-0.06557377049180328,-0.031746031746031744,0.1111111111111111,0,0,11046,-0.4499161609491661,0.5400841011076386,0.152362846279196,0.6899330074235017,0.1577041462973022,-0.0426344913812617,0.0449289456850776,-0.0011708661497235,-0.4072816695679043
2025-07-13,2,SA,World Cup,-0.4,0.0444444444444444,-0.23981481481481481,0.3167194562886369,-0.4444444444444444,0.125,0.17689075630252105,0,0,148,0.0861527452094329,0.6351652742801903,0.4662162162162162,0.3445945945945945,0.1891891891891892,-0.0044560082509418,-0.0044963144963145,0.0407616707616707,0.0906087534603747
2025-07-13,23,SA,artificial intelligence,-0.04,-0.04,-0.01333333333333326,0.02309401076758566,0.0,0.0,0.17689075630252105,0,0,119,0.1719703610767336,0.5693837428774259,0.4705882352941176,0.2352941176470588,0.2941176470588235,-0.0366480156329036,0.0243566176470588,0.0096507352941176,0.2086183767096372
2025-07-13,13,SA,inflation,-0.06666666666666667,0.050980392156862744,-0.040604575163398736,0.09285830690269663,-0.11764705882352941,0.0625,0.17689075630252105,0,0,24,0.5391528966914242,0.4346910735573864,0.8333333333333334,0.0833333333333333,0.0833333333333333,0.1824707463771726,-0.125,0.1458333333333333,0.3566821503142516
2025-07-13,2,US,World Cup,0.0,0.4,-0.13333333333333333,0.23094010767585074,-0.4,0.0,0.1111111111111111,0,0,1270,-0.4093185470234162,0.5534064146825942,0.1637795275590551,0.65748031496063,0.1787401574803149,-0.1507469527472048,0.1423287998091148,-0.0180386542591267,-0.2585715942762114
2025-07-13,42,US,artificial intelligence,0.34375,0.11298076923076922,0.1570236516357206,0.23254114112303742,0.23076923076923078,-0.10344827586206896,0.1111111111111111,1,1,860,-0.3728335457009285,0.5480159478089306,0.1616279069767441,0.6267441860465116,0.2116279069767442,0.0244896372456815,0.008061184515118,0.039116421524983,-0.3973231829466101
2025-07-13,52,US,bitcoin,0.325,-0.10357142857142854,0.22896825396825402,0.2612121071623469,0.42857142857142855,-0.06666666666666667,0.1111111111111111,1,0,838,-0.2480018420949542,0.5793830636271768,0.2303102625298329,0.5107398568019093,0.2589498806682577,0.2049407734106804,-0.1734706695138802,0.1601348239333417,-0.4529426155056347
2025-07-13,24,US,electric cars,0.041666666666666664,-0.04924242424242425,0.06006493506493508,0.026877112420319416,0.09090909090909091,0.047619047619047616,0.1111111111111111,0,1,65,-0.553883687636027,0.4259261289951825,0.0615384615384615,0.7076923076923077,0.2307692307692307,-0.1605566870166216,0.1047511312217195,-0.1149321266968325,-0.3933270006194053
2025-07-13,58,US,inflation,0.6388888888888888,0.6103174603174603,0.25373677248677245,0.33513978594034377,0.02857142857142857,0.09375,0.1111111111111111,1,0,410,-0.5016525285931804,0.4857898093975091,0.1097560975609756,0.7146341463414634,0.1756097560975609,-0.2113682764765805,0.2146341463414633,-0.1210131332082551,-0.2902842521165999
2025-07-13,61,US,weather,0.0,-0.08771929824561403,0.007381842584603583,0.07691267730804553,0.08771929824561403,-0.06557377049180328,0.1111111111111111,0,0,2018,-0.5486439494402272,0.4817467523642892,0.0936570862239841,0.7611496531219029,0.1451932606541129,-0.0987277884910611,0.0712166456984011,-0.0587057600552119,-0.4499161609491661
2025-07-20,19,SA,artificial intelligence,-0.16666666666666666,-0.12666666666666665,-0.06888888888888882,0.08700787533534177,-0.04,0.0,0.17689075630252105,0,0,160,0.195025745849125,0.5752684198662666,0.48125,0.25,0.26875,0.0230553847723914,0.0147058823529411,0.0106617647058823,0.1719703610767336
2025-07-20,1,US,World Cup,-0.3333333333333333,-0.3333333333333333,-0.24444444444444446,0.21430335024428834,0.0,-0.4,0.1111111111111111,0,0,118,-0.3957903680502106,0.5532196837176893,0.1779661016949152,0.6779661016949152,0.1440677966101695,0.0135281789732056,0.0204857867342852,0.0141865741358601,-0.4093185470234162
2025-07-20,50,US,artificial intelligence,0.18604651162790697,-0.15770348837209303,0.25352191413237923,0.08127644807291672,0.34375,0.23076923076923078,0.1111111111111111,1,1,339,-0.2952724979959626,0.5498298692646577,0.1740412979351032,0.551622418879056,0.2743362831858407,0.0775610477049659,-0.0751217671674555,0.012413390958359,-0.3728335457009285
2025-07-20,46,US,bitcoin,-0.11320754716981132,-0.43820754716981136,0.21345462713387245,0.2875984914680347,0.325,0.42857142857142855,0.1111111111111111,0,0,87,-0.3191766460458266,0.5569723543683104,0.1379310344827586,0.5517241379310345,0.3103448275862069,-0.0711748039508723,0.0409842811291252,-0.0923792280470743,-0.2480018420949542
2025-07-20,29,US,electric cars,0.2,0.15833333333333335,0.11085858585858588,0.08102991961409099,0.041666666666666664,0.09090909090909091,0.1111111111111111,1,0,123,-0.2980251157111147,0.5334356069080283,0.1544715447154471,0.5284552845528455,0.3170731707317073,0.2558585719249123,-0.1792370231394622,0.0929330831769856,-0.553883687636027
2025-07-20,53,US,inflation,-0.0847457627118644,-0.7236346516007532,0.194238184916151,0.3892247202679605,0.6388888888888888,0.02857142857142857,0.1111111111111111,0,1,151,-0.461058725578254,0.4845378961008398,0.1456953642384106,0.6887417218543046,0.1655629139072847,0.0405938030149264,-0.0258924244871587,0.0359392666774349,-0.5016525285931804
2025-07-20,52,US,weather,-0.14516129032258066,-0.14516129032258066,-0.019147330692322207,0.1176150812500168,0.0,0.08771929824561403,0.1111111111111111,0,0,371,-0.3323473598195536,0.5616224202368288,0.1778975741239892,0.5876010781671159,0.2345013477088948,0.2162965896206735,-0.1735485749547869,0.084240487900005,-0.5486439494402272
2025-07-27,19,SA,artificial intelligence,0.0,0.16666666666666666,-0.06888888888888882,0.08700787533534177,-0.16666666666666666,-0.04,0.17689075630252105,0,1,103,0.138977011882709,0.6339633660710178,0.4854368932038835,0.2912621359223301,0.2233009708737864,-0.056048733966416,0.04126213592233,0.0041868932038834,0.195025745849125
2025-07-27,27,SA,weather,0.16666666666666666,0.24358974358974358,0.09052059052059054,0.14520822438169861,-0.07692307692307693,0.18181818181818182,0.17689075630252105,0,0,32,0.5876856492832303,0.4677569571403401,0.84375,0.09375,0.0625,0.0860242725977179,-0.0286989795918367,0.027423469387755,0.5016613766855124
2025-07-27,88,US,ChatGPT,0.047058823529411764,0.01047345767575323,0.07417769275731974,0.05628567764098827,0.036585365853658534,0.1388888888888889,0.1111111111111111,0,0,484,-0.4269602550020487,0.515819434848146,0.1219008264462809,0.6549586776859504,0.2231404958677686,-0.2227613849961348,0.0994031221303948,-0.1558769513314968,-0.2041988700059139
2025-07-27,61,US,artificial intelligence,0.21568627450980393,0.02963976288189696,0.2484942620459036,0.08381450110695887,0.18604651162790697,0.34375,0.1111111111111111,1,0,2521,-0.4346528847737682,0.4768548584430489,0.1082903609678699,0.6541055136850457,0.2376041253470845,-0.1393803867778055,0.1024830948059896,-0.0657509369672333,-0.2952724979959626
2025-07-27,28,US,electric cars,-0.03333333333333333,-0.23333333333333334,0.06944444444444446,0.11912100912439756,0.2,0.041666666666666664,0.1111111111111111,0,0,143,-0.5515610755362607,0.4572122110379641,0.0769230769230769,0.7692307692307693,0.1538461538461538,-0.2535359598251459,0.2407754846779237,-0.0775484677923702,-0.2980251157111147
2025-07-27,70,US,inflation,0.3148148148148148,0.39956057752667923,0.2896526469972798,0.36247293452931667,-0.0847457627118644,0.6388888888888888,0.1111111111111111,1,0,1101,-0.4400894090788714,0.5134516592136981,0.1316984559491371,0.667574931880109,0.2007266121707538,0.0209693164993825,-0.0211667899741956,-0.0139969082892734,-0.461058725578254
2025-07-27,52,US,weather,0.0,0.14516129032258066,-0.048387096774193554,0.08380891004365534,-0.14516129032258066,0.0,0.1111111111111111,0,0,658,-0.382243465701554,0.5334562765821286,0.1610942249240121,0.6170212765957447,0.2218844984802431,-0.0498961058820003,0.0294201984286287,-0.016803349199977,-0.3323473598195536
2025-08-03,24,SA,artificial intelligence,0.25,0.25,0.027777777777777856,0.20971762320196538,0.0,-0.16666666666666666,0.17689075630252105,1,0,128,0.2318941907142289,0.5428459240639111,0.453125,0.171875,0.375,0.0929171788315198,-0.11938713592233,-0.0323118932038835,0.138977011882709
2025-08-03,31,SA,weather,0.14285714285714285,-0.023809523809523808,0.07753357753357756,0.13429209558073696,0.16666666666666666,-0.07692307692307693,0.17689075630252105,0,0,116,0.4155805633515761,0.5769900710913624,0.6982758620689655,0.1982758620689655,0.1034482758620689,-0.1721050859316541,0.1045258620689655,-0.1454741379310344,0.5876856492832303
2025-08-03,83,US,ChatGPT,-0.056179775280898875,-0.10323859881031064,0.009154804700723817,0.05682322443290865,0.047058823529411764,0.036585365853658534,0.1111111111111111,0,0,127,-0.3208932037443274,0.5257702532837069,0.1496062992125984,0.5826771653543307,0.2677165354330709,0.1060670512577213,-0.0722815123316197,0.0277054727663174,-0.4269602550020487
2025-08-03,48,US,artificial intelligence,-0.20967741935483872,-0.4253636938646427,0.06401845559429072,0.23749042687875,0.21568627450980393,0.18604651162790697,0.1111111111111111,0,0,345,-0.3945101173810553,0.520006612569373,0.144927536231884,0.6057971014492753,0.2492753623188406,0.0401427673927128,-0.0483084122357703,0.0366371752640141,-0.4346528847737682
2025-08-03,35,US,bitcoin,-0.28,-0.34382978723404256,-0.10979258664525622,0.1719403300970716,0.06382978723404255,-0.11320754716981132,0.1111111111111111,0,0,671,-0.1504209735160124,0.6518224218877228,0.3114754098360656,0.4977645305514158,0.1907600596125186,0.1687556725298142,-0.0539596073796186,0.1735443753533069,-0.3191766460458266
2025-08-03,23,US,electric cars,-0.1724137931034483,-0.13908045977011496,-0.0019157088122605248,0.18818424129383104,-0.03333333333333333,0.2,0.1111111111111111,0,0,51,-0.4595951344087428,0.4744252521217242,0.0980392156862745,0.6666666666666666,0.2352941176470588,0.0919659411275178,-0.1025641025641026,0.0211161387631975,-0.5515610755362607
2025-08-03,45,US,inflation,-0.352112676056338,-0.6669274908711529,-0.04068120798446253,0.33564018421133074,0.3148148148148148,-0.0847457627118644,0.1111111111111111,0,1,1785,-0.527960255767117,0.4710438806013807,0.0963585434173669,0.7456582633053221,0.1579831932773109,-0.0878708466882455,0.0780833314252131,-0.0353399125317702,-0.4400894090788714
2025-08-03,47,US,weather,-0.09433962264150944,-0.09433962264150944,-0.0798336376546967,0.07365981097150166,0.0,-0.14516129032258066,0.1111111111111111,0,0,297,-0.4323496761377461,0.5137314890384398,0.1447811447811448,0.6801346801346801,0.1750841750841751,-0.0501062104361921,0.0631134035389354,-0.0163130801428673,-0.382243465701554
2025-08-10,23,SA,artificial intelligence,-0.04,-0.29,0.07000000000000008,0.15716233645501732,0.25,0.0,0.17689075630252105,0,0,124,0.2836790236554319,0.5799158858503461,0.5403225806451613,0.1935483870967742,0.2661290322580645,0.051784832941203,0.0216733870967741,0.0871975806451612,0.2318941907142289
2025-08-10,36,SA,weather,0.15625,0.01339285714285715,0.15525793650793654,0.011935723626502878,0.14285714285714285,0.16666666666666666,0.17689075630252105,0,0,73,0.5069361894378719,0.4784515527001106,0.7534246575342466,0.136986301369863,0.1095890410958904,0.0913556260862957,-0.0612895606991025,0.055148795465281,0.4155805633515761
2025-08-10,34,US,artificial intelligence,-0.2857142857142857,-0.07603686635944698,-0.09323514351977351,0.2702216370861052,-0.20967741935483872,0.21568627450980393,0.1111111111111111,0,0,160,-0.3550761233142111,0.4983717855198741,0.14375,0.56875,0.2875,0.0394339940668441,-0.0370471014492753,-0.001177536231884,-0.3945101173810553
2025-08-10,36,US,bitcoin,0.027777777777777776,0.3077777777777778,-0.0627974783293932,0.18896464857615947,-0.28,0.06382978723404255,0.1111111111111111,0,0,361,-0.1302419279874857,0.645462381484038,0.3074792243767313,0.4764542936288088,0.2160664819944598,0.0201790455285267,-0.0213102369226069,-0.0039961854593342,-0.1504209735160124
2025-08-10,57,US,inflation,0.2608695652173913,0.6129822412737294,0.07452390132528937,0.3704613331489051,-0.352112676056338,0.3148148148148148,0.1111111111111111,1,0,1383,-0.3788809984631497,0.5640692641668115,0.1735357917570499,0.6406362979031092,0.1858279103398409,0.1490792573039673,-0.1050219654022129,0.0771772483396829,-0.527960255767117
2025-08-10,50,US,weather,0.0625,0.15683962264150944,-0.010613207547169814,0.07895661427905992,-0.09433962264150944,0.0,0.1111111111111111,0,0,1136,-0.2403451682094642,0.5797591285341375,0.2279929577464788,0.5140845070422535,0.2579225352112676,0.1920045079282819,-0.1660501730924266,0.083211812965334,-0.4323496761377461
2025-08-17,1,SA,World Cup,0.0,0.0,0.0,0.0,0.0,0.0,0.17689075630252105,0,0,42,0.526618745421902,0.4848719433493687,0.8095238095238095,0.0952380952380952,0.0952380952380952,0.440466000212469,-0.2493564993564993,0.3433075933075933,0.0861527452094329
2025-08-17,17,SA,artificial intelligence,-0.25,-0.21,-0.013333333333333261,0.25106440076867403,-0.04,0.25,0.17689075630252105,0,1,30,0.3982507737974325,0.411251398443362,0.6,0.0333333333333333,0.3666666666666666,0.1145717501420006,-0.1602150537634408,0.0596774193548387,0.2836790236554319
2025-08-17,35,SA,weather,-0.02702702702702703,-0.18327702702702703,0.09069337194337197,0.1021685441117991,0.15625,0.14285714285714285,0.17689075630252105,0,0,111,0.6016873723516861,0.3935441408750093,0.8558558558558559,0.063063063063063,0.081081081081081,0.0947511829138142,-0.0739232383067999,0.1024311983216093,0.5069361894378719
2025-08-17,0,US,World Cup,0.0,0.0,-0.16666666666666666,0.28867513459481325,0.0,-0.5,0.1111111111111111,0,0,1034,-0.4342162410108953,0.5678685929622277,0.1663442940038684,0.6866537717601547,0.1470019342359768,-0.0384258729606846,0.0086876700652395,-0.0116218076910467,-0.3957903680502106
2025-08-17,27,US,artificial intelligence,-0.2,0.08571428571428569,-0.2317972350230415,0.04694357653368484,-0.2857142857142857,-0.20967741935483872,0.1111111111111111,0,0,289,-0.320766188948702,0.5450169062511347,0.1695501730103806,0.5709342560553633,0.259515570934256,0.0343099343655091,0.0021842560553633,0.0258001730103806,-0.3550761233142111
2025-08-17,30,US,bitcoin,-0.16216216216216217,-0.18993993993993996,-0.1381281281281281,0.155290103411063,0.027777777777777776,-0.28,0.1111111111111111,0,0,124,-0.0040754486821712,0.7076226735145896,0.4032258064516129,0.4112903225806452,0.1854838709677419,0.1261664793053145,-0.0651639710481636,0.0957465820748815,-0.1302419279874857
2025-08-17,34,US,inflation,-0.39655172413793105,-0.6574212893553224,-0.16259827832562593,0.36740640731324964,0.2608695652173913,-0.352112676056338,0.1111111111111111,0,0,180,-0.42443561165904,0.5313429335025884,0.1611111111111111,0.6777777777777778,0.1611111111111111,-0.0455546131958903,0.0371414798746686,-0.0124246806459387,-0.3788809984631497
2025-08-17,55,US,weather,0.09803921568627451,0.03553921568627451,0.02206653101492169,0.10236480557160445,0.0625,-0.09433962264150944,0.1111111111111111,0,0,344,-0.3400143953148536,0.5831254770242261,0.1947674418604651,0.6366279069767442,0.1686046511627907,-0.0996692271053894,0.1225433999344907,-0.0332255158860137,-0.2403451682094642
2025-08-24,0,SA,World Cup,-0.5,-0.5,-0.16666666666666666,0.2886751345948132,0.0,0.0,0.17689075630252105,0,1,210,0.1046642036620704,0.6775816447562871,0.4857142857142857,0.3619047619047619,0.1523809523809524,-0.4219545417598315,0.2666666666666666,-0.3238095238095238,0.526618745421902
2025-08-24,22,SA,artificial intelligence,0.2777777777777778,0.5277777777777778,-0.004074074074074008,0.2657166720291347,-0.25,-0.04,0.17689075630252105,1,0,198,0.3164937332357195,0.5438270189973626,0.6060606060606061,0.1666666666666666,0.2272727272727272,-0.081757040561713,0.1333333333333333,0.0060606060606061,0.3982507737974325
2025-08-24,28,SA,weather,-0.19444444444444445,-0.16741741741741742,-0.021740490490490455,0.17540698088292672,-0.02702702702702703,0.15625,0.17689075630252105,0,0,35,0.5666972646755831,0.4022727897989511,0.8285714285714286,0.0571428571428571,0.1142857142857142,-0.034990107676103,-0.0059202059202059,-0.0272844272844272,0.6016873723516861
2025-08-24,92,US,ChatGPT,0.08139534883720931,0.0452507705239563,0.035211721748566814,0.04665705018690861,0.03614457831325301,-0.011904761904761904,0.1111111111111111,0,0,1096,-0.571858278176591,0.4633519402455294,0.0885036496350365,0.7864963503649635,0.125,-0.2509650744322635,0.2038191850106328,-0.0611026495775619,-0.3208932037443274
2025-08-24,0,US,World Cup,0.0,0.0,0.0,0.0,0.0,0.0,0.1111111111111111,0,1,65,-0.3177145573668755,0.6230851252159116,0.2615384615384615,0.6153846153846154,0.123076923076923,0.1165016836440198,-0.0712691563755393,0.095194167534593,-0.4342162410108953
2025-08-24,29,US,artificial intelligence,0.07142857142857142,0.27142857142857146,-0.13809523809523808,0.18644544714716074,-0.2,-0.2857142857142857,0.1111111111111111,0,0,2193,-0.4161726727629844,0.4872176315164456,0.1158230734154126,0.6269949840401277,0.2571819425444596,-0.0954064838142824,0.0560607279847643,-0.0537270995949679,-0.320766188948702
2025-08-24,29,US,bitcoin,-0.03225806451612903,0.12990409764603314,-0.055547482966837765,0.09708806803581038,-0.16216216216216217,0.027777777777777776,0.1111111111111111,0,0,192,-0.214850619197629,0.6363373368320734,0.2760416666666667,0.5364583333333334,0.1875,-0.2107751705154578,0.1251680107526881,-0.1271841397849462,-0.0040754486821712
2025-08-24,37,US,inflation,0.08571428571428572,0.4822660098522168,-0.016655957735418014,0.34045622036080836,-0.39655172413793105,0.2608695652173913,0.1111111111111111,0,0,21,-0.4815016281569287,0.5006537796177407,0.0952380952380952,0.7142857142857143,0.1904761904761904,-0.0570660164978887,0.0365079365079364,-0.0658730158730158,-0.42443561165904
2025-08-24,49,US,weather,-0.10714285714285714,-0.20518207282913165,0.017798786181139118,0.10965203892438305,0.09803921568627451,0.0625,0.1111111111111111,0,0,1069,-0.3045346914294852,0.5637305842326241,0.2151543498596819,0.5706267539756782,0.2142188961646398,0.0354797038853683,-0.066001153001066,0.0203869079992168,-0.3400143953148536
2025-08-31,1,SA,World Cup,1.0,1.5,0.16666666666666666,0.7637626158259733,-0.5,0.0,0.17689075630252105,1,1,27,0.0741280758132537,0.6427737361824785,0.4444444444444444,0.2592592592592592,0.2962962962962963,-0.0305361278488167,-0.1026455026455026,-0.0412698412698412,0.1046642036620704
2025-08-31,21,SA,artificial intelligence,-0.043478260869565216,-0.321256038647343,-0.00523349436392908,0.2659592869271824,0.2777777777777778,-0.25,0.17689075630252105,0,0,93,0.2807327696993466,0.5236743689637321,0.4731182795698925,0.1397849462365591,0.3870967741935484,-0.0357609635363729,-0.0268817204301075,-0.1329423264907135,0.3164937332357195
2025-08-31,12,SA,inflation,0.18181818181818182,0.26515151515151514,-0.1576479076479077,0.38208266093328663,-0.08333333333333333,-0.5714285714285714,0.17689075630252105,1,1,33,0.0540697185999967,0.5409052708396132,0.3939393939393939,0.2424242424242424,0.3636363636363636,-0.4850831780914274,0.1590909090909091,-0.4393939393939394,0.5391528966914242
2025-08-31,24,SA,weather,-0.13793103448275862,0.05651340996168583,-0.11980083531807666,0.08516851533866633,-0.19444444444444445,-0.02702702702702703,0.17689075630252105,0,0,36,0.5559610570263531,0.4535907431397335,0.8611111111111112,0.1388888888888889,0.0,-0.01073620764923,0.0817460317460317,0.0325396825396825,0.5666972646755831
2025-08-31,90,US,ChatGPT,-0.021505376344086023,-0.10290072518129534,0.03201151693545878,0.05157471723600193,0.08139534883720931,0.03614457831325301,0.1111111111111111,0,0,194,-0.5040969623675206,0.4936215176695794,0.1134020618556701,0.7010309278350515,0.1855670103092783,0.0677613158090704,-0.0854654225299119,0.0248984122206336,-0.571858278176591
2025-08-31,30,US,artificial intelligence,0.03333333333333333,-0.03809523809523809,-0.03174603174603175,0.14695189745725887,0.07142857142857142,-0.2,0.1111111111111111,0,0,1054,-0.3901522506127378,0.4879748316956403,0.1242884250474383,0.6053130929791272,0.2703984819734345,0.0260204221502466,-0.0216818910610004,0.0084653516320256,-0.4161726727629844
2025-08-31,26,US,bitcoin,-0.1,-0.06774193548387097,-0.09814007555943034,0.06497201809626203,-0.03225806451612903,-0.16216216216216217,0.1111111111111111,0,0,191,-0.2591885298402756,0.6318597661977018,0.2617801047120419,0.5968586387434555,0.1413612565445026,-0.0443379106426465,0.060400305410122,-0.0142615619546248,-0.214850619197629
2025-08-31,23,US,electric cars,0.09090909090909091,0.09090909090909091,0.0025252525252525367,0.08714865619564334,0.0,-0.08333333333333333,0.1111111111111111,0,0,46,-0.3601489710095136,0.504354786842724,0.108695652173913,0.6521739130434783,0.2391304347826087,0.0994461633992291,-0.0144927536231883,0.0106564364876385,-0.4595951344087428
2025-08-31,35,US,inflation,-0.05263157894736842,-0.13834586466165413,-0.12115633912367124,0.24832812593947032,0.08571428571428572,-0.39655172413793105,0.1111111111111111,0,1,1222,-0.4575682760996716,0.476012379114011,0.1072013093289689,0.6816693944353519,0.2111292962356792,0.0239333520572571,-0.0326163198503623,0.0119632140908736,-0.4815016281569287
2025-08-31,50,US,weather,0.02,0.12714285714285714,0.0036321195144724573,0.10356568633628688,-0.10714285714285714,0.09803921568627451,0.1111111111111111,0,0,112,-0.1908729835662857,0.5999084760293365,0.2321428571428571,0.5,0.2678571428571428,0.1136617078631994,-0.0706267539756781,0.0169885072831751,-0.3045346914294852
2025-09-07,2,SA,World Cup,0.5,-0.5,0.3333333333333333,0.7637626158259732,1.0,-0.5,0.17689075630252105,1,0,31,0.6480687515089109,0.4212707294496157,0.8387096774193549,0.064516129032258,0.0967741935483871,0.5739406756956571,-0.1947431302270011,0.3942652329749104,0.0741280758132537
2025-09-07,100,SA,inflation,6.769230769230769,6.5874125874125875,2.2892385392385393,3.8820515345741935,0.18181818181818182,-0.08333333333333333,0.17689075630252105,1,0,62,-0.2325630718842148,0.5707770516698842,0.2096774193548387,0.4677419354838709,0.3225806451612903,-0.2866327904842116,0.2253176930596285,-0.1842619745845552,0.0540697185999967
2025-09-07,94,US,ChatGPT,0.04395604395604396,0.06546142030012998,0.03461533881638909,0.05208240000315439,-0.021505376344086023,0.08139534883720931,0.1111111111111111,0,0,32,-0.4208926804421935,0.5251449973128789,0.125,0.59375,0.28125,0.083204281925327,-0.1072809278350515,0.0115979381443298,-0.5040969623675206
2025-09-07,25,US,artificial intelligence,-0.16129032258064516,-0.19462365591397848,-0.018842805939580137,0.12482500967069093,0.03333333333333333,0.07142857142857142,0.1111111111111111,0,1,303,-0.4087643762374229,0.4842623933134048,0.1287128712871287,0.636963696369637,0.2343234323432343,-0.0186121256246851,0.0316506033905098,0.0044244462396903,-0.3901522506127378
2025-09-07,23,US,bitcoin,-0.1111111111111111,-0.0111111111111111,-0.08112305854241333,0.04268143540724073,-0.1,-0.03225806451612903,0.1111111111111111,0,1,45,0.1189484110102057,0.6245820360252262,0.4888888888888889,0.3111111111111111,0.2,0.3781369408504814,-0.2857475276323443,0.227108784176847,-0.2591885298402756
2025-09-07,18,US,electric cars,-0.20833333333333334,-0.29924242424242425,-0.03914141414141414,0.1534129878542329,0.09090909090909091,0.0,0.1111111111111111,0,1,129,-0.3441147092845319,0.4252245009548319,0.0775193798449612,0.5503875968992248,0.3720930232558139,0.0160342617249816,-0.1017863161442534,-0.0311762723289518,-0.3601489710095136
2025-09-07,40,US,inflation,0.1388888888888889,0.1915204678362573,0.057323865218602055,0.09886624490692464,-0.05263157894736842,0.08571428571428572,0.1111111111111111,1,0,1780,-0.5193936132266072,0.4747982470382378,0.1016853932584269,0.7297752808988764,0.1685393258426966,-0.0618253371269355,0.0481058864635245,-0.0055159160705419,-0.4575682760996716
2025-09-07,42,US,weather,-0.1568627450980392,-0.1768627450980392,-0.08133520074696544,0.09121202770133881,0.02,-0.10714285714285714,0.1111111111111111,0,0,34,-0.2559290301219067,0.5670583768101074,0.1764705882352941,0.5294117647058824,0.2941176470588235,-0.0650560465556209,0.0294117647058823,-0.055672268907563,-0.1908729835662857
2025-09-14,35,SA,inflation,-0.6435643564356436,-7.412795125666412,2.1024948648711024,4.06252779490717,6.769230769230769,0.18181818181818182,0.17689075630252105,0,0,27,-0.1501156618059785,0.5829007490945738,0.2592592592592592,0.5555555555555556,0.1851851851851851,0.0824474100782363,0.0878136200716846,0.0495818399044205,-0.2325630718842148
2025-09-14,34,US,artificial intelligence,0.34615384615384615,0.5074441687344913,0.07273228563551144,0.2560060627749697,-0.16129032258064516,0.03333333333333333,0.1111111111111111,1,0,206,-0.3442120623720575,0.4995042731004686,0.1407766990291262,0.5825242718446602,0.2766990291262136,0.0645523138653654,-0.0544394245249768,0.0120638277419974,-0.4087643762374229
2025-09-14,26,US,bitcoin,0.125,0.2361111111111111,-0.02870370370370366,0.13322719540960018,-0.1111111111111111,-0.1,0.1111111111111111,1,0,30,-0.1422704484624167,0.6674369221269129,0.3333333333333333,0.4666666666666667,0.2,-0.2612188594726225,0.1555555555555555,-0.1555555555555555,0.1189484110102057
2025-09-14,21,US,electric cars,0.15789473684210525,0.36622807017543857,0.013490164805954283,0.19500260879108433,-0.20833333333333334,0.09090909090909091,0.1111111111111111,1,0,1159,-0.5006637838673139,0.4524241645911858,0.086281276962899,0.7031924072476272,0.2105263157894736,-0.1565490745827819,0.1528048103484024,0.0087618971179378,-0.3441147092845319
2025-09-14,38,US,inflation,-0.04878048780487805,-0.18766937669376693,0.012492274045547466,0.10947961412353861,0.1388888888888889,-0.05263157894736842,0.1111111111111111,0,1,1910,-0.3496469300503584,0.6163644857343977,0.2136125654450262,0.6209424083769634,0.1654450261780104,0.1697466831762487,-0.1088328725219131,0.1119271721865992,-0.5193936132266072
2025-09-14,42,US,weather,0.0,0.1568627450980392,-0.04562091503267973,0.09685586490872783,-0.1568627450980392,0.02,0.1111111111111111,0,1,82,-0.181314623051482,0.5974037880901497,0.2682926829268293,0.5,0.2317073170731707,0.0746144070704246,-0.0294117647058823,0.0918220946915351,-0.2559290301219067
2025-09-21,22,SA,weather,-0.041666666666666664,-0.0016666666666666635,-0.027222222222222186,0.023589859717289996,-0.04,0.0,0.17689075630252105,0,0,39,0.5920825672264284,0.3876403715120957,0.8974358974358975,0.1025641025641025,0.0,0.0361215102000752,-0.0363247863247863,0.0363247863247863,0.5559610570263531
2025-09-21,1,US,World Cup,0.0,0.3333333333333333,0.05555555555555556,0.41943524640393076,-0.3333333333333333,0.5,0.1111111111111111,0,0,49,-0.538751991997872,0.4615804735955894,0.0816326530612244,0.7346938775510204,0.1836734693877551,-0.2210374346309965,0.119309262166405,-0.179905808477237,-0.3177145573668755
2025-09-21,35,US,artificial intelligence,0.02857142857142857,-0.31758241758241756,0.07114498404820986,0.2563869669369148,0.34615384615384615,-0.16129032258064516,0.1111111111111111,0,0,192,-0.3022437304898631,0.5552726676812066,0.1927083333333333,0.5885416666666666,0.21875,0.0419683318821944,0.0060173948220064,0.0519316343042071,-0.3442120623720575
2025-09-21,27,US,bitcoin,0.037037037037037035,-0.08796296296296297,0.016975308641975356,0.11932715075446468,0.125,-0.1111111111111111,0.1111111111111111,0,0,30,-0.0841358786759277,0.7359977237149266,0.3333333333333333,0.4333333333333333,0.2333333333333333,0.058134569786489,-0.0333333333333333,0.0,-0.1422704484624167
2025-09-21,22,US,electric cars,0.045454545454545456,-0.1124401913875598,-0.0016613503455608681,0.18760511873051688,0.15789473684210525,-0.20833333333333334,0.1111111111111111,0,0,1698,-0.5103549654924643,0.4631758805422655,0.0865724381625441,0.7131919905771495,0.2002355712603062,-0.0096911816251503,0.0099995833295223,0.0002911611996451,-0.5006637838673139
2025-09-21,45,US,inflation,0.1794871794871795,0.22826766729205755,0.08986519352373011,0.12177448013923638,-0.04878048780487805,0.1388888888888889,0.1111111111111111,1,0,96,-0.3520517922782649,0.6065686359901129,0.1875,0.625,0.1875,-0.0024048622279065,0.0040575916230366,-0.0261125654450261,-0.3496469300503584
2025-09-21,52,US,weather,0.23255813953488372,0.23255813953488372,0.025231798145614836,0.19593274120299,0.0,-0.1568627450980392,0.1111111111111111,1,0,605,-0.1202755797869903,0.6123141071389647,0.3206611570247933,0.4198347107438016,0.2595041322314049,0.0610390432644917,-0.0801652892561983,0.052368474097964,-0.181314623051482
2025-09-28,21,SA,artificial intelligence,0.047619047619047616,0.13457556935817805,0.03688750862663912,0.11884221785853707,-0.08695652173913043,0.15,0.17689075630252105,0,1,106,0.2673036740688642,0.5090481952395963,0.4716981132075472,0.160377358490566,0.3679245283018867,-0.0134290956304823,0.0205924122540069,-0.0014201663623453,0.2807327696993466
2025-09-28,91,US,ChatGPT,-0.041666666666666664,0.007838283828382843,-0.009337907474958012,0.06290541055499814,-0.04950495049504951,0.06315789473684211,0.1111111111111111,0,0,24,-0.1979979859509816,0.5866147065099165,0.2916666666666667,0.4583333333333333,0.25,0.2228946944912119,-0.1354166666666666,0.1666666666666666,-0.4208926804421935
2025-09-28,27,US,artificial intelligence,-0.2222222222222222,-0.2507936507936508,0.05083435083435084,0.28484130152845283,0.02857142857142857,0.34615384615384615,0.1111111111111111,0,0,678,-0.2756809561202923,0.5606007499041369,0.2168141592920354,0.5501474926253688,0.2330383480825958,0.0265627743695707,-0.0383941740412978,0.024105825958702,-0.3022437304898631
2025-09-28,30,US,bitcoin,0.10714285714285714,0.0701058201058201,0.0897266313932981,0.04649585360895669,0.037037037037037035,0.125,0.1111111111111111,0,1,103,-0.5023220708069293,0.5271651426721327,0.1262135922330097,0.7378640776699029,0.1359223300970873,-0.4181861921310015,0.3045307443365695,-0.2071197411003236,-0.0841358786759277
2025-09-28,20,US,electric cars,-0.08695652173913043,-0.1324110671936759,0.03879758685250676,0.12256129499387523,0.045454545454545456,0.15789473684210525,0.1111111111111111,0,0,82,-0.5032788011154569,0.4347500532126067,0.073170731707317,0.6829268292682927,0.2439024390243902,0.0070761643770074,-0.0302651613088568,-0.0134017064552271,-0.5103549654924643
2025-09-28,48,US,inflation,0.06521739130434782,-0.11426978818283166,0.0653080276622164,0.1141338606371982,0.1794871794871795,-0.04878048780487805,0.1111111111111111,0,0,231,-0.46905187879048,0.5221859686561103,0.1168831168831168,0.7229437229437229,0.1601731601731601,-0.117000086512215,0.0979437229437228,-0.0706168831168831,-0.3520517922782649
2025-09-28,41,US,weather,-0.20754716981132076,-0.4401053093462045,0.008336989907854317,0.2201710695782312,0.23255813953488372,0.0,0.1111111111111111,0,1,65,-0.1875074990093708,0.6207276586599719,0.2923076923076923,0.5076923076923077,0.2,-0.0672319192223805,0.087857596948506,-0.028353464717101,-0.1202755797869903
2025-10-05,2,SA,Ramadan,0.0,0.0,0.16666666666666663,0.2886751345948081,0.0,0.5,0.17689075630252105,0,0,594,0.5237336617875656,0.5076405770098202,0.7912457912457912,0.1212121212121212,0.0875420875420875,0.5696517271902224,-0.2787878787878788,0.4912457912457912,-0.0459180654026567
2025-10-05,4,SA,World Cup,0.6666666666666666,0.16666666666666663,0.38888888888888884,0.3469443332443551,0.5,0.0,0.17689075630252105,1,0,38,0.2827939473239607,0.6444416189444275,0.631578947368421,0.2631578947368421,0.1052631578947368,-0.3652748041849502,0.198641765704584,-0.2071307300509338,0.6480687515089109
2025-10-05,25,SA,artificial intelligence,0.18181818181818182,0.1341991341991342,0.047493569232699734,0.13438739571365838,0.047619047619047616,-0.08695652173913043,0.17689075630252105,1,0,22,0.1976458791812712,0.5993282779461131,0.4090909090909091,0.2272727272727272,0.3636363636363636,-0.069657794887593,0.0668953687821612,-0.062607204116638,0.2673036740688642
2025-10-05,91,US,ChatGPT,0.0,0.041666666666666664,-0.030390539053905385,0.026609177389271974,-0.041666666666666664,-0.04950495049504951,0.1111111111111111,0,0,245,-0.2481783777171251,0.5856629422830039,0.2244897959183673,0.5183673469387755,0.2571428571428571,-0.0501803917661435,0.0600340136054421,-0.0671768707482993,-0.1979979859509816
2025-10-05,25,US,artificial intelligence,-0.07142857142857142,0.15079365079365079,-0.08835978835978835,0.12625119167628007,-0.2222222222222222,0.02857142857142857,0.1111111111111111,0,0,1607,-0.5337357436600602,0.5071895941264605,0.1107654013690105,0.731176104542626,0.1580584940883634,-0.2580547875397678,0.1810286119172572,-0.1060487579230248,-0.2756809561202923
2025-10-05,38,US,bitcoin,0.25806451612903225,0.1509216589861751,0.13408147010297553,0.11294933943853677,0.10714285714285714,0.037037037037037035,0.1111111111111111,1,0,210,-0.4793820874144633,0.5331829766456494,0.1142857142857142,0.7,0.1857142857142857,0.0229399833924658,-0.0378640776699029,-0.0119278779472954,-0.5023220708069293
2025-10-05,20,US,electric cars,0.0,0.08695652173913043,-0.013833992094861644,0.06728080842114298,-0.08695652173913043,0.045454545454545456,0.1111111111111111,0,0,181,-0.3797782469304144,0.4934749808785455,0.0994475138121546,0.585635359116022,0.3149171270718232,0.1235005541850424,-0.0972914701522706,0.0262767821048376,-0.5032788011154569
2025-10-05,44,US,inflation,-0.08163265306122448,-0.1468500443655723,0.05435730591010093,0.1308982346275318,0.06521739130434782,0.1794871794871795,0.1111111111111111,0,0,21,-0.4750483238714791,0.5656984744429865,0.1428571428571428,0.7619047619047619,0.0952380952380952,-0.0059964450809991,0.0389610389610389,0.0259740259740259,-0.46905187879048
2025-10-05,52,US,weather,0.2619047619047619,0.4694519317160827,0.09563857720944162,0.26297624219410654,-0.20754716981132076,0.23255813953488372,0.1111111111111111,1,0,56,-0.3489855949633887,0.589507098355079,0.1785714285714285,0.6071428571428571,0.2142857142857142,-0.1614780959540179,0.0994505494505494,-0.1137362637362637,-0.1875074990093708
2025-10-12,2,SA,Ramadan,0.0,0.0,0.0,0.0,0.0,0.0,0.17689075630252105,0,0,87,0.452770244308758,0.5991712555481398,0.7586206896551724,0.1954022988505747,0.0459770114942528,-0.0709634174788075,0.0741901776384535,-0.0326251015906188,0.5237336617875656
2025-10-12,4,SA,World Cup,0.0,-0.6666666666666666,0.38888888888888884,0.3469443332443551,0.6666666666666666,0.5,0.17689075630252105,0,0,65,0.4665740915645773,0.5485232399076891,0.7538461538461538,0.1538461538461538,0.0923076923076923,0.1837801442406166,-0.1093117408906882,0.1222672064777328,0.2827939473239607
2025-10-12,23,SA,artificial intelligence,-0.07692307692307693,-0.25874125874125875,0.0508380508380509,0.12940066162908817,0.18181818181818182,0.047619047619047616,0.17689075630252105,0,0,133,0.2792653169594985,0.5551709710908647,0.5263157894736842,0.1578947368421052,0.3157894736842105,0.0816194377782272,-0.069377990430622,0.117224880382775,0.1976458791812712
2025-10-12,8,SA,inflation,0.0,0.18181818181818182,0.013468013468013462,0.20235662223995868,-0.18181818181818182,0.2222222222222222,0.17689075630252105,0,1,90,-0.0664921878837049,0.6103576504036982,0.3444444444444444,0.4,0.2555555555555555,0.0836234739222736,-0.1555555555555555,0.0851851851851852,-0.1501156618059785
2025-10-12,90,US,ChatGPT,-0.010869565217391304,-0.010869565217391304,-0.01751207729468598,0.02161295914030504,0.0,-0.041666666666666664,0.1111111111111111,0,0,609,-0.4056477796130359,0.5524352210309688,0.1707717569786535,0.6748768472906403,0.154351395730706,-0.1574694018959107,0.1565095003518648,-0.0537180389397138,-0.2481783777171251
2025-10-12,25,US,artificial intelligence,0.0,0.07142857142857142,-0.09788359788359786,0.11344858011847367,-0.07142857142857142,-0.2222222222222222,0.1111111111111111,0,0,526,-0.4532102503948367,0.49124295736695,0.1254752851711026,0.6673003802281369,0.2072243346007604,0.0805254932652234,-0.0638757243144891,0.014709883802092,-0.5337357436600602
2025-10-12,41,US,bitcoin,0.07692307692307693,-0.18114143920595532,0.14737681673165548,0.09704191814646854,0.25806451612903225,0.10714285714285714,0.1111111111111111,0,0,320,-0.4785441412357613,0.4578416728340043,0.075,0.70625,0.21875,0.000837946178702,0.00625,-0.0392857142857142,-0.4793820874144633
2025-10-12,17,US,electric cars,-0.14285714285714285,-0.14285714285714285,-0.0766045548654244,0.0719889799201395,0.0,-0.08695652173913043,0.1111111111111111,0,0,80,-0.3946138097322546,0.5430728783846575,0.1375,0.6875,0.175,-0.0148355628018401,0.1018646408839779,0.0380524861878453,-0.3797782469304144
2025-10-12,42,US,inflation,-0.044444444444444446,0.03718820861678004,-0.02028656873377371,0.07634746951721305,-0.08163265306122448,0.06521739130434782,0.1111111111111111,0,1,139,-0.4616707925008034,0.5294314632690011,0.1294964028776978,0.7122302158273381,0.158273381294964,0.0133775313706757,-0.0496745460774237,-0.013360739979445,-0.4750483238714791
2025-10-12,49,US,weather,-0.05660377358490566,-0.31850853548966757,-0.0007487271638214934,0.23965833744315362,0.2619047619047619,-0.20754716981132076,0.1111111111111111,0,0,47,-0.3466447991754939,0.6279753435083848,0.2127659574468085,0.6595744680851063,0.1276595744680851,0.0023407957878948,0.0524316109422492,0.0341945288753799,-0.3489855949633887
2025-10-19,2,SA,Ramadan,0.0,0.0,0.0,0.0,0.0,0.0,0.17689075630252105,0,0,32,0.3291647113510407,0.5439475218044348,0.65625,0.15625,0.1875,-0.1236055329577173,-0.0391522988505747,-0.1023706896551723,0.452770244308758
2025-10-19,3,SA,World Cup,-0.2,-0.2,0.15555555555555553,0.45379061903693635,0.0,0.6666666666666666,0.17689075630252105,0,0,21,0.4797783646555174,0.4410477128185787,0.6666666666666666,0.0952380952380952,0.238095238095238,0.01320427309094,-0.0586080586080586,-0.0871794871794872,0.4665740915645773
2025-10-19,23,SA,artificial intelligence,0.0,0.07692307692307693,0.03496503496503503,0.13286713286713306,-0.07692307692307693,0.18181818181818182,0.17689075630252105,0,1,35,0.1703641329492841,0.6123148292101086,0.5428571428571428,0.2285714285714285,0.2285714285714285,-0.1089011840102143,0.0706766917293233,0.0165413533834586,0.2792653169594985
2025-10-19,14,SA,inflation,0.6666666666666666,0.6666666666666666,0.1616161616161616,0.446734230050425,0.0,-0.18181818181818182,0.17689075630252105,1,1,31,-0.1992690307238409,0.6581953408527528,0.3225806451612903,0.5161290322580645,0.1612903225806451,-0.132776842840136,0.1161290322580644,-0.0218637992831541,-0.0664921878837049
2025-10-19,97,US,ChatGPT,0.07692307692307693,0.08779264214046822,0.022017837235228547,0.04785891631544551,-0.010869565217391304,0.0,0.1111111111111111,0,0,1165,-0.4099532993966034,0.5606350242081901,0.1690987124463519,0.6566523605150214,0.1742489270386266,-0.0043055197835674,-0.0182244867756189,-0.0016730445323016,-0.4056477796130359
2025-10-19,1,US,World Cup,-0.3333333333333333,-0.3333333333333333,0.05555555555555556,0.41943524640393076,0.0,0.5,0.1111111111111111,0,0,200,0.2046843813126906,0.5885411724367648,0.54,0.235,0.225,0.7434363733105627,-0.4996938775510204,0.4583673469387755,-0.538751991997872
2025-10-19,24,US,artificial intelligence,-0.038461538461538464,-0.038461538461538464,-0.03663003663003663,0.03574948955300896,0.0,-0.07142857142857142,0.1111111111111111,0,1,602,-0.2873531721897448,0.5260573395776303,0.1744186046511628,0.5149501661129569,0.3106312292358804,0.1658570782050918,-0.15235021411518,0.0489433194800601,-0.4532102503948367
2025-10-19,31,US,bitcoin,-0.23809523809523808,-0.315018315018315,0.0322974516522904,0.25107212161265247,0.07692307692307693,0.25806451612903225,0.1111111111111111,0,0,179,-0.4468569123503549,0.501733358945904,0.1229050279329608,0.6536312849162011,0.2234636871508379,0.0316872288854064,-0.0526187150837988,0.0479050279329608,-0.4785441412357613
2025-10-19,16,US,electric cars,-0.05555555555555555,0.0873015873015873,-0.06613756613756612,0.07201406131648774,-0.14285714285714285,0.0,0.1111111111111111,0,0,119,-0.4755951204031956,0.4554858437101026,0.0672268907563025,0.6890756302521008,0.2436974789915966,-0.080981310670941,0.0015756302521008,-0.0702731092436974,-0.3946138097322546
2025-10-19,49,US,inflation,0.16279069767441862,0.20723514211886307,0.012237866722916555,0.1317017725608313,-0.044444444444444446,-0.08163265306122448,0.1111111111111111,1,0,2560,-0.4348549625097803,0.5774656674292327,0.1734375,0.703125,0.1234375,0.0268158299910231,-0.0091052158273381,0.0439410971223021,-0.4616707925008034
2025-10-19,49,US,weather,0.0,0.05660377358490566,0.06843366277328543,0.16992438449312988,-0.05660377358490566,0.2619047619047619,0.1111111111111111,0,0,238,-0.2840943201171124,0.5444890232767692,0.1848739495798319,0.5588235294117647,0.2563025210084033,0.0625504790583814,-0.1007509386733416,-0.0278920078669765,-0.3466447991754939
2025-10-26,43,SA,artificial intelligence,0.8333333333333334,0.8333333333333334,0.2521367521367522,0.5047983651288643,0.0,-0.07692307692307693,0.17689075630252105,1,1,28,0.212459699017927,0.6200416405408722,0.5357142857142857,0.25,0.2142857142857142,0.0420955660686429,0.0214285714285714,-0.0071428571428571,0.1703641329492841
2025-10-26,68,SA,inflation,3.6,2.9333333333333336,1.4222222222222223,1.915241015681355,0.6666666666666666,0.0,0.17689075630252105,1,0,31,0.2352778258162641,0.5725445223477336,0.5483870967741935,0.1935483870967742,0.2580645161290322,0.434546856540105,-0.3225806451612903,0.2258064516129032,-0.1992690307238409
2025-10-26,91,US,ChatGPT,-0.061224489795918366,-0.1381475667189953,0.001609673969922426,0.0699141338043705,0.07692307692307693,-0.010869565217391304,0.1111111111111111,0,0,32,-0.1759037684823852,0.6479520567284309,0.28125,0.53125,0.1875,0.2340495309142182,-0.1254023605150214,0.112151287553648,-0.4099532993966034
2025-10-26,1,US,World Cup,0.0,0.3333333333333333,-0.1111111111111111,0.19245008972987562,-0.3333333333333333,0.0,0.1111111111111111,0,0,598,0.1673139786101678,0.6062582083530873,0.5,0.2759197324414715,0.2240802675585284,-0.0373704027025228,0.0409197324414715,-0.04,0.2046843813126906
2025-10-26,28,US,artificial intelligence,0.16,0.19846153846153847,0.04051282051282051,0.10525071036129961,-0.038461538461538464,0.0,0.1111111111111111,1,1,1698,-0.3998785535684261,0.49995546544551,0.1295641931684334,0.6248527679623086,0.2455830388692579,-0.1125253813786812,0.1099026018493517,-0.0448544114827293,-0.2873531721897448
2025-10-26,31,US,bitcoin,0.0,0.23809523809523808,-0.05372405372405368,0.16423714610481194,-0.23809523809523808,0.07692307692307693,0.1111111111111111,0,1,35,-0.2443368054926395,0.6517436346602129,0.2571428571428571,0.5714285714285714,0.1714285714285714,0.2025201068577153,-0.0822027134876297,0.1342378292098962,-0.4468569123503549
2025-10-26,15,US,electric cars,-0.058823529411764705,-0.0032679738562091526,-0.08574540927482101,0.04948719529196198,-0.05555555555555555,-0.14285714285714285,0.1111111111111111,0,1,60,-0.3868624434806406,0.504237671076791,0.1166666666666666,0.6166666666666667,0.2666666666666666,0.0887326769225549,-0.0724089635854341,0.0494397759103641,-0.4755951204031956
2025-10-26,49,US,inflation,0.0,-0.16279069767441862,0.039448751076658045,0.10910432623588957,0.16279069767441862,-0.044444444444444446,0.1111111111111111,0,1,1783,-0.3611647115604544,0.5931407268160546,0.2013460459899046,0.6376892877173304,0.160964666292765,0.0736902509493259,-0.0654357122826696,0.0279085459899046,-0.4348549625097803
2025-10-26,49,US,weather,0.0,0.0,-0.018867924528301883,0.03268020391639389,0.0,-0.05660377358490566,0.1111111111111111,0,0,1143,-0.1949923060637225,0.5880368149723865,0.305336832895888,0.4960629921259842,0.1986001749781277,0.0891020140533899,-0.0627605372857804,0.120462883316056,-0.2840943201171124
2025-11-02,66,SA,artificial intelligence,0.5227272727272727,-0.31060606060606066,0.45202020202020204,0.4211421713591413,0.8333333333333334,0.0,0.17689075630252105,1,0,122,0.0955316257571465,0.5638543397330715,0.3852459016393442,0.2786885245901639,0.3360655737704918,-0.1169280732607804,0.0286885245901639,-0.1504683840749414,0.212459699017927
2025-11-02,97,US,ChatGPT,0.06521739130434782,0.1264418811002662,0.026971992810502138,0.07660431076029325,-0.061224489795918366,0.07692307692307693,0.1111111111111111,0,0,72,-0.57041452130458,0.4155616741898514,0.0416666666666666,0.7638888888888888,0.1944444444444444,-0.3945107528221948,0.2326388888888888,-0.2395833333333333,-0.1759037684823852
2025-11-02,1,US,World Cup,0.0,0.0,-0.1111111111111111,0.19245008972987562,0.0,-0.3333333333333333,0.1111111111111111,0,0,29,0.3255173159955904,0.5901554142717751,0.6896551724137931,0.1724137931034483,0.1379310344827586,0.1582033373854225,-0.1035059393380232,0.1896551724137931,0.1673139786101678
2025-11-02,38,US,artificial intelligence,0.3448275862068966,0.18482758620689657,0.1554553492484527,0.19168497244206176,0.16,-0.038461538461538464,0.1111111111111111,1,0,1096,-0.3648454821345661,0.5085444659841382,0.1368613138686131,0.6067518248175182,0.2563868613138686,0.0350330714338599,-0.0181009431447903,0.0072971207001796,-0.3998785535684261
2025-11-02,19,US,electric cars,0.25,0.3088235294117647,0.04520697167755994,0.17736349187583111,-0.058823529411764705,-0.05555555555555555,0.1111111111111111,1,0,75,-0.297686247775952,0.5797390038812995,0.2133333333333333,0.5866666666666667,0.2,0.0891761957046886,-0.03,0.0966666666666666,-0.3868624434806406
2025-11-02,59,US,inflation,0.2,0.2,0.12093023255813955,0.10636834070724899,0.0,0.16279069767441862,0.1111111111111111,1,0,383,-0.4765996262844525,0.4798825068249999,0.1122715404699739,0.7284595300261096,0.1592689295039164,-0.1154349147239982,0.0907702423087792,-0.0890745055199307,-0.3611647115604544
2025-11-02,44,US,weather,-0.1,-0.1,-0.03333333333333333,0.05773502691896255,0.0,0.0,0.1111111111111111,0,1,53,-0.1454623803355783,0.6373524338590308,0.3584905660377358,0.490566037735849,0.1509433962264151,0.0495299257281441,-0.0054969543901352,0.0531537331418477,-0.1949923060637225
2025-11-09,2,SA,World Cup,-0.25,-0.25,-0.08333333333333333,0.144337567297407,0.0,0.0,0.17689075630252105,0,1,48,-0.0241522302579445,0.5461995529927216,0.3333333333333333,0.3541666666666667,0.3125,-0.5039305949134619,0.2589285714285714,-0.3333333333333333,0.4797783646555174
2025-11-09,71,SA,artificial intelligence,0.07462686567164178,-0.4481004070556309,0.4768958239107493,0.38142399936735333,0.5227272727272727,0.8333333333333334,0.17689075630252105,0,0,214,0.1258411597739034,0.6468341666667875,0.4532710280373832,0.2897196261682243,0.2570093457943925,0.0303095340167569,0.0110311015780603,0.0680251263980389,0.0955316257571465
2025-11-09,27,SA,weather,0.2727272727272727,0.1727272727272727,0.1417862838915471,0.11584514986054892,0.1,0.05263157894736842,0.17689075630252105,1,0,49,0.5956365371275009,0.363616651524272,0.8367346938775511,0.0408163265306122,0.1224489795918367,0.0035539699010724,-0.0617477760334903,-0.0607012035583464,0.5920825672264284
2025-11-09,91,US,ChatGPT,-0.061224489795918366,-0.1264418811002662,-0.01907719609582963,0.07300125409008108,0.06521739130434782,-0.061224489795918366,0.1111111111111111,0,0,26,-0.4633176023355471,0.4507094743512193,0.0384615384615384,0.7307692307692307,0.2307692307692307,0.1070969189690329,-0.0331196581196581,-0.0032051282051282,-0.57041452130458
2025-11-09,1,US,World Cup,0.0,0.0,0.0,0.0,0.0,0.0,0.1111111111111111,0,1,36,0.0892158924964153,0.6373645685902747,0.4722222222222222,0.3055555555555556,0.2222222222222222,-0.2363014234991751,0.1331417624521073,-0.2174329501915709,0.3255173159955904
2025-11-09,37,US,artificial intelligence,-0.02564102564102564,-0.37046861184792224,0.15972885352195698,0.1852344547632569,0.3448275862068966,0.16,0.1111111111111111,0,1,781,-0.252903195913695,0.4931145322602219,0.1536491677336747,0.4865556978233034,0.3597951344430217,0.1119422862208711,-0.1201961269942147,0.0167878538650616,-0.3648454821345661
2025-11-09,41,US,bitcoin,0.0,-0.3125,0.1041666666666667,0.18042195912175787,0.3125,0.0,0.1111111111111111,0,1,45,-0.2501218177378178,0.5879638750975155,0.2444444444444444,0.6222222222222222,0.1333333333333333,-0.0057850122451783,0.0507936507936508,-0.0126984126984126,-0.2443368054926395
2025-11-09,64,US,inflation,0.08333333333333333,-0.11666666666666668,0.09444444444444444,0.10046189622236174,0.2,0.0,0.1111111111111111,0,0,149,-0.4487325220475061,0.5564520566394706,0.1476510067114094,0.6644295302013423,0.1879194630872483,0.0278671042369464,-0.0640299998247673,0.0353794662414355,-0.4765996262844525
2025-11-09,57,US,weather,0.28888888888888886,0.38888888888888884,0.06296296296296296,0.2019452722994902,-0.1,0.0,0.1111111111111111,1,0,684,-0.3440104442436182,0.5328948865064527,0.1666666666666666,0.6096491228070176,0.2236842105263158,-0.1985480639080399,0.1190830850711684,-0.1918238993710691,-0.1454623803355783
2025-11-16,64,SA,artificial intelligence,-0.09722222222222222,-0.171849087893864,0.16671063872556416,0.3200686020479332,0.07462686567164178,0.5227272727272727,0.17689075630252105,0,0,83,0.2239361775881913,0.6101471817290942,0.5180722891566265,0.216867469879518,0.2650602409638554,0.0980950178142879,-0.0728521562887062,0.0648012611192433,0.1258411597739034
2025-11-16,90,US,ChatGPT,-0.010869565217391304,0.05035492457852706,-0.0022922212363206108,0.06365583591761746,-0.061224489795918366,0.06521739130434782,0.1111111111111111,0,0,124,-0.4344731218692276,0.5184854549732095,0.1209677419354838,0.6612903225806451,0.2177419354838709,0.0288444804663194,-0.0694789081885856,0.0825062034739454,-0.4633176023355471
2025-11-16,2,US,World Cup,0.5,0.5,0.16666666666666666,0.2886751345948133,0.0,0.0,0.1111111111111111,1,0,300,-0.467754605418692,0.5332232783141202,0.15,0.7,0.15,-0.5569704979151073,0.3944444444444444,-0.3222222222222222,0.0892158924964153
2025-11-16,43,US,artificial intelligence,0.15789473684210525,0.1835357624831309,0.15902709913599208,0.1852369017620547,-0.02564102564102564,0.3448275862068966,0.1111111111111111,1,0,449,-0.3535864138249764,0.4990983168693159,0.1247216035634743,0.5924276169265034,0.2828507795100223,-0.1006832179112813,0.1058719191031999,-0.0289275641702003,-0.252903195913695
2025-11-16,66,US,bitcoin,0.5952380952380952,0.5952380952380952,0.3025793650793651,0.2977430297313275,0.0,0.3125,0.1111111111111111,1,0,397,-0.4340052268202757,0.5154789590478667,0.1284634760705289,0.6675062972292192,0.2040302267002519,-0.1838834090824578,0.0452840750069969,-0.1159809683739154,-0.2501218177378178
2025-11-16,61,US,inflation,-0.046153846153846156,-0.12948717948717947,0.07905982905982906,0.12313255509070122,0.08333333333333333,0.2,0.1111111111111111,0,0,992,-0.4773813273369019,0.5061349692779389,0.1290322580645161,0.7096774193548387,0.1612903225806451,-0.0286488052893958,0.0452478891534964,-0.0186187486468932,-0.4487325220475061
2025-11-16,55,US,weather,-0.034482758620689655,-0.32337164750957853,0.05146871008939974,0.2082051469233524,0.28888888888888886,-0.1,0.1111111111111111,0,0,172,-0.4277897935826331,0.4903196939813239,0.1395348837209302,0.627906976744186,0.2325581395348837,-0.0837793493390148,0.0182578539371685,-0.0271317829457364,-0.3440104442436182
2025-11-23,68,SA,artificial intelligence,0.06153846153846154,0.15876068376068375,0.012981034995960442,0.09566292388805091,-0.09722222222222222,0.07462686567164178,0.17689075630252105,0,0,127,0.1415131078431691,0.6310199663160235,0.4488188976377952,0.2913385826771653,0.2598425196850393,-0.0824230697450222,0.0744711127976472,-0.0692533915188312,0.2239361775881913
2025-11-23,25,SA,weather,0.04,0.14714285714285713,0.06852813852813856,0.1915351662431674,-0.10714285714285714,0.2727272727272727,0.17689075630252105,0,1,70,-0.0113776537988867,0.5391511161587403,0.3571428571428571,0.3285714285714285,0.3142857142857143,-0.6070141909263875,0.2877551020408163,-0.4795918367346939,0.5956365371275009
2025-11-23,35,US,artificial intelligence,-0.18181818181818182,-0.3397129186602871,-0.016521490205700734,0.1700399694809717,0.15789473684210525,-0.02564102564102564,0.1111111111111111,0,1,1169,-0.3428649356038213,0.5241195226160288,0.146278870829769,0.5688622754491018,0.2848588537211292,0.0107214782211551,-0.0235653414774015,0.0215572672662946,-0.3535864138249764
2025-11-23,48,US,bitcoin,-0.26865671641791045,-0.8638948116560057,0.1088604596067283,0.44211594763238565,0.5952380952380952,0.0,0.1111111111111111,0,0,23,-0.2170222703691409,0.7775771143055974,0.3478260869565217,0.5652173913043478,0.0869565217391304,0.2169829564511347,-0.1022889059248713,0.2193626108859927,-0.4340052268202757
2025-11-23,59,US,inflation,-0.03225806451612903,0.013895781637717125,0.0016404742211193711,0.0710884351303134,-0.046153846153846156,0.08333333333333333,0.1111111111111111,0,0,353,-0.4608485448588393,0.485430129975737,0.1274787535410765,0.6827195467422096,0.1898016997167138,0.0165327824780626,-0.0269578726126291,-0.0015535045234396,-0.4773813273369019
2025-11-23,56,US,weather,0.017857142857142856,0.05233990147783251,0.09075442437511404,0.1735736611436123,-0.034482758620689655,0.28888888888888886,0.1111111111111111,0,1,349,-0.2943690100759481,0.6024474358195969,0.2464183381088825,0.5816618911174785,0.1719197707736389,0.133420783506685,-0.0462450856267075,0.1068834543879523,-0.4277897935826331
2025-11-30,70,SA,artificial intelligence,0.028985507246376812,-0.032552954292084726,-0.0022327511457945494,0.08385805518744287,0.06153846153846154,-0.09722222222222222,0.17689075630252105,0,0,58,0.2293207633855014,0.5783189233421581,0.5172413793103449,0.2068965517241379,0.2758620689655172,0.0878076555423323,-0.0844420309530274,0.0684224816725496,0.1415131078431691
2025-11-30,87,SA,inflation,0.2222222222222222,0.1633986928104575,0.08885099933693286,0.12118057459822074,0.058823529411764705,-0.014492753623188406,0.17689075630252105,1,0,24,0.0551228090189397,0.6554753695336395,0.4583333333333333,0.3333333333333333,0.2083333333333333,-0.1801550167973243,0.1397849462365591,-0.0900537634408601,0.2352778258162641
2025-11-30,30,SA,weather,0.19230769230769232,0.1523076923076923,0.04172161172161177,0.14973269800464073,0.04,-0.10714285714285714,0.17689075630252105,1,1,42,0.4608196473813483,0.4913859586692584,0.7619047619047619,0.0714285714285714,0.1666666666666666,0.472197301180235,-0.2571428571428571,0.4047619047619047,-0.0113776537988867
2025-11-30,4,US,World Cup,1.5,1.8333333333333333,0.5555555555555556,0.917928424547684,-0.3333333333333333,0.5,0.1111111111111111,1,0,947,-0.362615435616307,0.6038151668577372,0.2038014783526927,0.6304118268215417,0.1657866948257655,0.105139169802385,-0.0695881731784582,0.0538014783526927,-0.467754605418692
2025-11-30,44,US,artificial intelligence,0.25,0.4318181818181818,0.07535885167464114,0.22743320951979,-0.18181818181818182,0.15789473684210525,0.1111111111111111,1,0,154,-0.3568887363381491,0.5472726999879413,0.1363636363636363,0.5714285714285714,0.2922077922077922,-0.0140238007343277,0.0025662959794695,-0.0099152344661326,-0.3428649356038213
2025-11-30,25,US,electric cars,0.04,-0.09636363636363635,0.07466089466089469,0.05357176235557074,0.13636363636363635,0.047619047619047616,0.1111111111111111,0,0,602,-0.3600866943381207,0.474636884257066,0.1063122923588039,0.574750830564784,0.3189368770764119,-0.0624004465621686,-0.0119158361018826,-0.1070210409745293,-0.297686247775952
2025-11-30,64,US,inflation,0.08333333333333333,0.11559139784946236,0.0016404742211193711,0.0710884351303134,-0.03225806451612903,-0.046153846153846156,0.1111111111111111,0,0,175,-0.3792691441252828,0.6121296896172692,0.1942857142857142,0.6514285714285715,0.1542857142857142,0.0815794007335565,-0.0312909753136381,0.0668069607446378,-0.4608485448588393
2025-11-30,68,US,weather,0.21052631578947367,0.19266917293233082,0.06463356667530898,0.12902862862459547,0.017857142857142856,-0.034482758620689655,0.1111111111111111,1,0,352,-0.3365939144807106,0.5576989741192502,0.1846590909090909,0.6335227272727273,0.1818181818181818,-0.0422249044047625,0.0518608361552488,-0.0617592471997916,-0.2943690100759481
2025-12-07,65,SA,artificial intelligence,-0.07042253521126761,-0.09940804245764442,0.00670047785785699,0.06874513122346103,0.028985507246376812,0.06153846153846154,0.17689075630252105,0,0,104,0.1874557061371608,0.5638247335400551,0.5288461538461539,0.2211538461538461,0.25,-0.0418650572483405,0.0142572944297082,0.0116047745358089,0.2293207633855014
2025-12-07,77,SA,inflation,-0.11363636363636363,-0.33585858585858586,0.05580312933254111,0.16794966369782555,0.2222222222222222,0.058823529411764705,0.17689075630252105,0,0,20,0.2167968636378646,0.6520096486034983,0.5,0.3,0.2,0.1616740546189248,-0.0333333333333333,0.0416666666666666,0.0551228090189397
2025-12-07,49,SA,weather,0.6129032258064516,0.42059553349875933,0.2817369727047147,0.2967367919202242,0.19230769230769232,0.04,0.17689075630252105,1,1,166,0.5521013236671956,0.4431799205507556,0.8313253012048193,0.0903614457831325,0.0783132530120482,0.0912816762858472,0.0189328743545611,0.0694205393000574,0.4608196473813483
2025-12-07,2,US,World Cup,-0.4,-1.9,0.2555555555555556,1.0782358705740562,1.5,-0.3333333333333333,0.1111111111111111,0,0,353,-0.4283473425447181,0.5190475982936511,0.1388101983002833,0.6685552407932012,0.1926345609065155,-0.0657319069284111,0.0381434139716594,-0.0649912800524094,-0.362615435616307
2025-12-07,46,US,artificial intelligence,0.044444444444444446,-0.20555555555555555,0.03754208754208754,0.21599182261209732,0.25,-0.18181818181818182,0.1111111111111111,0,0,166,-0.4214491426709096,0.5075906296300775,0.1385542168674698,0.6506024096385542,0.2108433734939759,-0.0645604063327605,0.0791738382099828,0.0021905805038335,-0.3568887363381491
2025-12-07,25,US,electric cars,0.0,-0.04,0.05878787878787881,0.07009635242000473,0.04,0.13636363636363635,0.1111111111111111,0,0,137,-0.4541729378996648,0.4249132807005004,0.0802919708029197,0.6496350364963503,0.2700729927007299,-0.0940862435615441,0.0748842059315663,-0.0260203215558842,-0.3600866943381207
2025-12-07,71,US,inflation,0.1076923076923077,0.02435897435897437,0.05292252550317065,0.0747672361063473,0.08333333333333333,-0.03225806451612903,0.1111111111111111,0,0,2774,-0.3511767167706786,0.5889457686157793,0.2015140591204037,0.6149963950973324,0.1834895457822638,0.0280924273546041,-0.036432176331239,0.0072283448346894,-0.3792691441252828
2025-12-07,57,US,weather,-0.15942028985507245,-0.3699466056445461,0.02298772293051471,0.1850266599598482,0.21052631578947367,0.017857142857142856,0.1111111111111111,0,0,350,-0.3280782716029456,0.5624797535797444,0.2,0.6142857142857143,0.1857142857142857,0.0085156428777649,-0.0192370129870129,0.0153409090909091,-0.3365939144807106
2025-12-14,1,SA,World Cup,-0.3333333333333333,-0.08333333333333331,0.1388888888888889,0.746907203319375,-0.25,1.0,0.17689075630252105,0,0,24,-0.2335543729520092,0.574741493594876,0.3333333333333333,0.625,0.0416666666666666,-0.2094021426940647,0.2708333333333333,0.0,-0.0241522302579445
2025-12-14,57,SA,artificial intelligence,-0.12121212121212122,-0.050789586000853607,-0.05421638305900393,0.07639902763992441,-0.07042253521126761,0.028985507246376812,0.17689075630252105,0,0,50,0.1014481575228273,0.6716858302821195,0.46,0.34,0.2,-0.0860075486143334,0.1188461538461538,-0.0688461538461538,0.1874557061371608
2025-12-14,100,SA,weather,1.02,0.4070967741935484,0.6084036393713813,0.41386449927702107,0.6129032258064516,0.19230769230769232,0.17689075630252105,1,0,229,0.5855906220380721,0.4209613479655822,0.8602620087336245,0.0873362445414847,0.0524017467248908,0.0334892983708765,-0.0030252012416478,0.0289367075288051,0.5521013236671956
2025-12-14,75,US,ChatGPT,-0.11627906976744186,-0.1650595575723199,0.09225457103980113,0.23332827543865506,0.04878048780487805,0.3442622950819672,0.1111111111111111,0,0,36,-0.3125690615528987,0.5340724728851157,0.1388888888888889,0.5,0.3611111111111111,0.1219040603163288,-0.1612903225806451,0.017921146953405,-0.4344731218692276
2025-12-14,1,US,World Cup,-0.3333333333333333,0.06666666666666671,0.2555555555555556,1.0782358705740562,-0.4,1.5,0.1111111111111111,0,0,22,-0.3696867670355873,0.6064073210472828,0.1363636363636363,0.6363636363636364,0.2272727272727272,0.0586605755091308,-0.0321916044295648,-0.0024465619366469,-0.4283473425447181
2025-12-14,43,US,artificial intelligence,-0.06382978723404255,-0.10827423167848699,0.0768715524034673,0.1594080356719218,0.044444444444444446,0.25,0.1111111111111111,0,0,98,-0.3995520864917459,0.4902576380357012,0.1122448979591836,0.6530612244897959,0.2346938775510204,0.0218970561791637,0.0024588148512416,-0.0263093189082862,-0.4214491426709096
2025-12-14,67,US,inflation,-0.05555555555555555,-0.16324786324786325,0.04515669515669515,0.08806564591599102,0.1076923076923077,0.08333333333333333,0.1111111111111111,0,0,907,-0.4960161258385423,0.5215884301292454,0.1256890848952591,0.7221609702315325,0.1521499448732083,-0.1448394090678637,0.1071645751342,-0.0758249742251446,-0.3511767167706786
2025-12-14,62,US,weather,0.08620689655172414,0.2456271864067966,0.04577097416204181,0.1882589191024124,-0.15942028985507245,0.21052631578947367,0.1111111111111111,0,0,233,-0.3342938563654543,0.5602537147481712,0.2017167381974249,0.6180257510729614,0.1802575107296137,-0.0062155847625086,0.0037400367872471,0.0017167381974248,-0.3280782716029456
2025-12-21,40,SA,artificial intelligence,-0.29310344827586204,-0.17189132706374083,-0.16157936823308353,0.1166997567900585,-0.12121212121212122,-0.07042253521126761,0.17689075630252105,0,0,25,0.1310365121811628,0.6592951173640867,0.44,0.32,0.24,0.0295883546583354,-0.02,-0.02,0.1014481575228273
2025-12-21,52,SA,weather,-0.4752475247524752,-1.4952475247524752,0.3858852336846588,0.7730421506165487,1.02,0.6129032258064516,0.17689075630252105,0,0,51,0.5339208457838086,0.4522381229950849,0.8235294117647058,0.0784313725490196,0.0980392156862745,-0.0516697762542635,-0.0089048719924651,-0.0367325969689186,0.5855906220380721
2025-12-21,32,US,artificial intelligence,-0.25,-0.18617021276595747,-0.08979511426319937,0.14892961885349607,-0.06382978723404255,0.044444444444444446,0.1111111111111111,0,0,112,-0.3556602389435284,0.5310606666354335,0.1339285714285714,0.5714285714285714,0.2946428571428571,0.0438918475482175,-0.0816326530612244,0.0216836734693877,-0.3995520864917459
2025-12-21,25,US,electric cars,0.08333333333333333,0.16025641025641024,0.0021367521367521617,0.0801495698013291,-0.07692307692307693,0.0,0.1111111111111111,0,0,30,-0.3487278779037297,0.5177402501366783,0.1,0.6,0.3,0.105445059995935,-0.0496350364963503,0.0197080291970803,-0.4541729378996648
2025-12-21,48,US,inflation,-0.27941176470588236,-0.2238562091503268,-0.07575833752304341,0.19434120771528396,-0.05555555555555555,0.1076923076923077,0.1111111111111111,0,0,255,-0.4008990849970895,0.5378345694016916,0.1725490196078431,0.6549019607843137,0.1725490196078431,0.0951170408414528,-0.0672590094472187,0.046859934712584,-0.4960161258385423
2025-12-21,62,US,weather,0.0,-0.08620689655172414,-0.024404464434449418,0.1246188673065962,0.08620689655172414,-0.15942028985507245,0.1111111111111111,0,0,984,-0.3494964588615226,0.5432008280957893,0.1961382113821138,0.6219512195121951,0.181910569105691,-0.0152026024960683,0.0039254684392336,-0.005578526815311,-0.3342938563654543
2025-12-28,34,SA,artificial intelligence,-0.14634146341463414,0.1467619848612279,-0.18688567763420572,0.09284143503816195,-0.29310344827586204,-0.12121212121212122,0.17689075630252105,0,0,67,0.3092719398077522,0.5277159916027566,0.4925373134328358,0.1343283582089552,0.373134328358209,0.1782354276265893,-0.1856716417910447,0.0525373134328358,0.1310365121811628
2025-12-28,36,SA,weather,-0.3018867924528302,0.17336073229964505,0.08095522759823158,0.8178430774342863,-0.4752475247524752,1.02,0.17689075630252105,0,0,20,-0.2078219135291874,0.6046535521432684,0.3,0.5,0.2,-0.741742759312996,0.4215686274509804,-0.5235294117647058,0.5339208457838086
2025-12-28,35,US,artificial intelligence,0.09090909090909091,0.34090909090909094,-0.07430689877498389,0.17069586833253064,-0.25,-0.06382978723404255,0.1111111111111111,0,1,170,-0.3165249670417431,0.5502449163855633,0.1764705882352941,0.5588235294117647,0.2647058823529412,0.0391352719017852,-0.0126050420168066,0.0425420168067227,-0.3556602389435284
2025-12-28,23,US,electric cars,-0.07692307692307693,-0.16025641025641024,-0.023504273504273476,0.0925240816009014,0.08333333333333333,-0.07692307692307693,0.1111111111111111,0,0,76,-0.4277394004411211,0.4638860166359949,0.131578947368421,0.6710526315789473,0.1973684210526315,-0.0790115225373914,0.0710526315789473,0.031578947368421,-0.3487278779037297
2025-12-28,47,US,inflation,-0.02040816326530612,0.2590036014405762,-0.1184584945089147,0.14049306454955238,-0.27941176470588236,-0.05555555555555555,0.1111111111111111,0,0,1418,-0.4511561047020453,0.5191961921931556,0.1502115655853314,0.7045133991537377,0.1452750352609308,-0.0502570197049558,0.0496114383694239,-0.0223374540225116,-0.4008990849970895
2025-12-28,65,US,weather,0.047619047619047616,0.047619047619047616,0.04460864805692394,0.043182220095922055,0.0,0.08620689655172414,0.1111111111111111,0,0,232,-0.3202251092057097,0.5696814638383602,0.1939655172413793,0.5991379310344828,0.2068965517241379,0.0292713496558129,-0.0228132884777123,-0.0021726941407345,-0.3494964588615226
2026-01-04,33,SA,artificial intelligence,-0.02857142857142857,0.11777003484320557,-0.15600544675397485,0.13253053154920144,-0.14634146341463414,-0.29310344827586204,0.17689075630252105,0,1,200,0.52655052843038,0.4763871205584787,0.795,0.095,0.11,0.2172785886226277,-0.0393283582089552,0.3024626865671642,0.3092719398077522
2026-01-04,40,US,artificial intelligence,0.1388888888888889,0.04797979797979798,-0.006734006734006741,0.21203601784440596,0.09090909090909091,-0.25,0.1111111111111111,1,1,286,-0.4388089269575487,0.4697081811403175,0.1048951048951049,0.6188811188811189,0.2762237762237762,-0.1222839599158055,0.0600575894693541,-0.0715754833401892,-0.3165249670417431
2026-01-04,52,US,inflation,0.10416666666666667,0.12457482993197279,-0.06521775376817394,0.1956758232494048,-0.02040816326530612,-0.27941176470588236,0.1111111111111111,0,1,1402,-0.5055956140302716,0.5197607272167674,0.1305278174037089,0.739657631954351,0.12981455064194,-0.0544395093282262,0.0351442328006132,-0.0196837481816224,-0.4511561047020453
2026-01-04,55,US,weather,-0.15151515151515152,-0.19913419913419914,-0.03463203463203462,0.1039862523763144,0.047619047619047616,0.0,0.1111111111111111,0,0,32,-0.3944176496006548,0.5339705836153189,0.21875,0.75,0.03125,-0.0741925403949451,0.1508620689655172,0.0247844827586206,-0.3202251092057097
2026-01-11,2,SA,World Cup,0.5,0.5,0.16666666666666666,0.2886751345948126,0.0,0.0,0.17689075630252105,1,1,27,-0.0197917889389726,0.6785625974918978,0.4074074074074074,0.4074074074074074,0.1851851851851851,0.2137625840130365,-0.2175925925925926,0.074074074074074,-0.2335543729520092
2026-01-11,43,SA,artificial intelligence,0.29411764705882354,0.3226890756302521,0.039734918357587,0.22803590676219748,-0.02857142857142857,-0.14634146341463414,0.17689075630252105,1,0,86,0.4076706458554538,0.488449519777874,0.627906976744186,0.1162790697674418,0.2558139534883721,-0.1188798825749261,0.0212790697674418,-0.167093023255814,0.52655052843038
2026-01-11,40,SA,weather,0.07894736842105263,0.0519203413940256,-0.06530413233491682,0.20652468802535173,0.02702702702702703,-0.3018867924528302,0.17689075630252105,0,1,23,0.2968859090267316,0.5449547294690472,0.6521739130434783,0.217391304347826,0.1304347826086956,0.5047078225559191,-0.2826086956521739,0.3521739130434783,-0.2078219135291874
2026-01-11,1,US,World Cup,0.0,0.0,0.0,0.0,0.0,0.0,0.1111111111111111,0,0,156,-0.5894449073582505,0.4260991370754702,0.0833333333333333,0.8076923076923077,0.1089743589743589,-0.2197581403226632,0.1713286713286713,-0.053030303030303,-0.3696867670355873
2026-01-11,46,US,artificial intelligence,0.14634146341463414,0.0074525745257452425,0.12537981440420465,0.030084186884024408,0.1388888888888889,0.09090909090909091,0.1111111111111111,1,0,1172,-0.4375529881620799,0.4917283850320708,0.1177474402730375,0.6638225255972696,0.2184300341296928,0.0012559387954688,0.0449414067161507,0.0128523353779326,-0.4388089269575487
2026-01-11,59,US,inflation,0.1320754716981132,0.027908805031446535,0.07194465836649126,0.08118810317458296,0.10416666666666667,-0.02040816326530612,0.1111111111111111,1,0,2564,-0.4267805405019226,0.5862672626626704,0.1809672386895476,0.6938377535101404,0.125195007800312,0.078815073528349,-0.0458198784442105,0.0504394212858386,-0.5055956140302716
2026-01-11,56,US,weather,0.017857142857142856,0.16937229437229437,-0.028679653679653666,0.10741444218602599,-0.15151515151515152,0.047619047619047616,0.1111111111111111,0,1,86,-0.493944845974532,0.5297437593044593,0.1511627906976744,0.7209302325581395,0.127906976744186,-0.0995271963738771,-0.0290697674418605,-0.0675872093023255,-0.3944176496006548
2026-01-18,8,SA,Ramadan,0.2857142857142857,0.11904761904761904,0.21746031746031744,0.0614144194353848,0.16666666666666666,0.2,0.17689075630252105,1,0,60,0.2874866588506847,0.633374662272875,0.65,0.25,0.1,-0.041678052500356,0.09375,-0.0062499999999999,0.3291647113510407
2026-01-18,44,SA,inflation,0.18421052631578946,-0.1729323308270677,0.09273182957393487,0.320108606044609,0.35714285714285715,-0.2631578947368421,0.17689075630252105,1,0,65,-0.0221375132695986,0.6685151704562947,0.4461538461538462,0.4153846153846154,0.1384615384615384,-0.2389343769074632,0.1153846153846154,-0.0538461538461538,0.2167968636378646
2026-01-18,48,SA,weather,0.1951219512195122,0.11617458279845957,0.1003654488891973,0.08606989318585236,0.07894736842105263,0.02702702702702703,0.17689075630252105,1,0,40,0.5072469440521672,0.4538342156016012,0.8,0.1,0.1,0.2103610350254355,-0.117391304347826,0.1478260869565217,0.2968859090267316
2026-01-18,1,US,World Cup,0.0,0.0,0.0,0.0,0.0,0.0,0.1111111111111111,0,0,23,-0.5607049376501337,0.5140653237005973,0.0869565217391304,0.7391304347826086,0.1739130434782608,0.0287399697081167,-0.068561872909699,0.0036231884057971,-0.5894449073582505
2026-01-18,48,US,artificial intelligence,0.0425531914893617,-0.10378827192527243,0.10926118126429489,0.05789086406009936,0.14634146341463414,0.1388888888888889,0.1111111111111111,0,1,501,-0.3200508855904142,0.548905595932653,0.2055888223552894,0.5768463073852296,0.217564870259481,0.1175021025716656,-0.08697621821204,0.0878413820822518,-0.4375529881620799
2026-01-18,57,US,inflation,-0.03333333333333333,-0.16540880503144653,0.06763626834381552,0.08854869110665818,0.1320754716981132,0.10416666666666667,0.1111111111111111,0,0,235,-0.5709573565050959,0.466731191817467,0.0851063829787234,0.774468085106383,0.1404255319148936,-0.1441768160031733,0.0806303315962425,-0.0958608557108241,-0.4267805405019226
2026-01-18,100,US,weather,0.7719298245614035,0.7540726817042606,0.21275727196779828,0.49160675463806436,0.017857142857142856,-0.15151515151515152,0.1111111111111111,1,0,2837,-0.2920443759755135,0.5506867538231872,0.2072611913993655,0.5611561508635883,0.2315826577370461,0.2019004699990184,-0.1597740816945512,0.0560984007016911,-0.493944845974532
2026-01-25,9,SA,Ramadan,0.1111111111111111,-0.1746031746031746,0.1878306878306878,0.08920484285758983,0.2857142857142857,0.16666666666666666,0.17689075630252105,0,1,85,0.1511467075194506,0.6211605370236825,0.5058823529411764,0.2588235294117647,0.2352941176470588,-0.1363399513312341,0.0088235294117647,-0.1441176470588235,0.2874866588506847
2026-01-25,60,SA,artificial intelligence,0.2708333333333333,0.1799242424242424,0.21862002376708264,0.11121196695954365,0.09090909090909091,0.29411764705882354,0.17689075630252105,1,0,27,0.152368694750799,0.6479850588706457,0.5185185185185185,0.2962962962962963,0.1851851851851851,-0.2553019511046547,0.1800172265288544,-0.1093884582256675,0.4076706458554538
2026-01-25,48,SA,inflation,0.08888888888888889,-0.09532163742690057,0.21008075744917853,0.13598529153983077,0.18421052631578946,0.35714285714285715,0.17689075630252105,0,0,49,0.1302376116378879,0.6349760113172261,0.4285714285714285,0.2653061224489796,0.3061224489795918,0.1523751249074866,-0.1500784929356358,-0.0175824175824176,-0.0221375132695986
2026-01-25,40,SA,weather,-0.16326530612244897,-0.3583872573419612,0.036934671172705304,0.18285009325629012,0.1951219512195122,0.07894736842105263,0.17689075630252105,0,0,51,0.3480902765603626,0.6294355308723076,0.7058823529411765,0.2156862745098039,0.0784313725490196,-0.1591566674918045,0.1156862745098039,-0.0941176470588235,0.5072469440521672
2026-01-25,56,US,artificial intelligence,0.16326530612244897,0.12071211463308726,0.11738665367548158,0.06535778002710012,0.0425531914893617,0.14634146341463414,0.1111111111111111,1,0,655,-0.3602870943963186,0.5366444525047552,0.1587786259541984,0.6183206106870229,0.2229007633587786,-0.0402362088059043,0.0414743033017933,-0.0468101964010909,-0.3200508855904142
2026-01-25,59,US,inflation,0.034482758620689655,0.067816091954023,0.04440829899515652,0.08314989753016307,-0.03333333333333333,0.1320754716981132,0.1111111111111111,0,0,401,-0.5264748812971307,0.5202951324571672,0.1221945137157107,0.7655860349127181,0.112219451371571,0.0444824752079652,-0.0088820501936648,0.0370881307369873,-0.5709573565050959
2026-01-25,91,US,weather,-0.0891089108910891,-0.8610387354524925,0.2335593521758191,0.4693000195143033,0.7719298245614035,0.017857142857142856,0.1111111111111111,0,0,1159,-0.393398342140636,0.5776736461578523,0.178602243313201,0.6583261432269197,0.1630716134598792,-0.1013539661651225,0.0971699923633314,-0.0286589480861644,-0.2920443759755135
2026-02-01,55,SA,artificial intelligence,-0.08196721311475409,-0.3528005464480874,0.09325840370922343,0.17641200595903866,0.2708333333333333,0.09090909090909091,0.17689075630252105,0,0,52,0.2472583249641152,0.5757491772850735,0.5192307692307693,0.173076923076923,0.3076923076923077,0.0948896302133162,-0.1232193732193732,0.0007122507122507,0.152368694750799
2026-02-01,2,US,World Cup,0.5,0.5,0.1666666666666667,0.2886751345948138,0.0,0.0,0.1111111111111111,1,0,156,-0.0316978806856637,0.730835350726805,0.4230769230769231,0.4551282051282051,0.1217948717948717,0.52900705696447,-0.2840022296544035,0.3361204013377926,-0.5607049376501337
2026-02-01,59,US,artificial intelligence,0.05263157894736842,-0.11063372717508055,0.08615002551972635,0.06697363921921753,0.16326530612244897,0.0425531914893617,0.1111111111111111,0,1,1138,-0.4090225123088342,0.568737556402484,0.172231985940246,0.6625659050966608,0.1652021089630931,-0.0487354179125155,0.0442452944096378,0.0134533599860475,-0.3602870943963186
2026-02-01,100,US,bitcoin,1.525,1.1456896551724136,0.6132647385984428,0.8201776483707294,0.3793103448275862,-0.06451612903225806,0.1111111111111111,1,0,2250,-0.4894901175805264,0.5480260919208327,0.1448888888888889,0.7248888888888889,0.1302222222222222,-0.2724678472113854,0.1596714975845411,-0.2029371980676328,-0.2170222703691409
2026-02-01,61,US,inflation,0.03333333333333333,-0.0011494252873563218,0.011494252873563223,0.03882608219322833,0.034482758620689655,-0.03333333333333333,0.1111111111111111,0,0,58,-0.4495456157701796,0.5190219785162193,0.1551724137931034,0.6896551724137931,0.1551724137931034,0.076929265526951,-0.075930862498925,0.0329779000773927,-0.5264748812971307
2026-02-01,58,US,weather,-0.358695652173913,-0.2695867412828239,0.10804175383213381,0.5905334712032392,-0.0891089108910891,0.7719298245614035,0.1111111111111111,0,0,432,-0.1993783468216726,0.6020819996239509,0.2638888888888889,0.5,0.2361111111111111,0.1940199953189634,-0.1583261432269197,0.0852866455756878,-0.393398342140636
2026-02-08,17,SA,Ramadan,0.5,0.3,0.2703703703703703,0.20377103264412572,0.2,0.1111111111111111,0.17689075630252105,1,1,79,0.3938182248745727,0.4990435698672937,0.6835443037974683,0.1265822784810126,0.189873417721519,0.242671517355122,-0.132241250930752,0.1776619508562918,0.1511467075194506
2026-02-08,48,SA,artificial intelligence,-0.125,-0.04303278688524591,0.02128870673952646,0.21718044498333544,-0.08196721311475409,0.2708333333333333,0.17689075630252105,0,0,91,0.4549692805835997,0.4440365433893273,0.6483516483516484,0.0769230769230769,0.2747252747252747,0.2077109556194845,-0.0961538461538461,0.1291208791208791,0.2472583249641152
2026-02-08,34,SA,inflation,0.0,0.2857142857142857,-0.06560846560846559,0.19573001219873953,-0.2857142857142857,0.08888888888888889,0.17689075630252105,0,0,59,0.1060425543810351,0.6543944417385023,0.4915254237288136,0.423728813559322,0.0847457627118644,-0.0241950572568527,0.1584226911103424,0.062953995157385,0.1302376116378879
2026-02-08,100,US,artificial intelligence,0.6833333333333333,0.630701754385965,0.29974340613438355,0.3367727417466181,0.05263157894736842,0.16326530612244897,0.1111111111111111,1,0,756,-0.359975354330831,0.5276050690430099,0.1613756613756613,0.6058201058201058,0.2328042328042328,0.0490471579780031,-0.0567457992765549,-0.0108563245645846,-0.4090225123088342
2026-02-08,62,US,inflation,0.016129032258064516,-0.017204301075268817,0.027981708070695836,0.010280794597805615,0.03333333333333333,0.034482758620689655,0.1111111111111111,0,0,1159,-0.505521623655588,0.5239119444486685,0.1242450388265746,0.7515099223468508,0.1242450388265746,-0.0559760078854082,0.0618547499330576,-0.0309273749665288,-0.4495456157701796
2026-02-08,54,US,weather,-0.06779661016949153,0.2908990420044215,-0.17186705774483121,0.16214883999823035,-0.358695652173913,-0.0891089108910891,0.1111111111111111,0,1,70,-0.0603739097714424,0.6646032031648156,0.3714285714285714,0.4428571428571428,0.1857142857142857,0.1390044370502302,-0.0571428571428571,0.1075396825396825,-0.1993783468216726
2026-02-15,100,SA,Ramadan,4.611111111111111,4.111111111111111,1.7703703703703704,2.4647222900517995,0.5,0.2,0.17689075630252105,1,0,1434,0.4058929589678334,0.5368794369932067,0.7168758716875872,0.1520223152022315,0.1311018131101813,0.0120747340932607,0.0254400367212188,0.0333315678901188,0.3938182248745727
2026-02-15,54,SA,artificial intelligence,0.12244897959183673,0.24744897959183673,-0.02817274450763907,0.13220489028323293,-0.125,-0.08196721311475409,0.17689075630252105,0,0,29,0.2989677564915398,0.6388299379693083,0.5862068965517241,0.2068965517241379,0.2068965517241379,-0.1560015240920599,0.129973474801061,-0.0621447517999242,0.4549692805835997
2026-02-15,33,SA,inflation,-0.02857142857142857,-0.02857142857142857,-0.10476190476190474,0.15735915849389415,0.0,-0.2857142857142857,0.17689075630252105,0,0,48,-0.0782741890094863,0.69562012591958,0.4166666666666667,0.4791666666666667,0.1041666666666666,-0.1843167433905215,0.0554378531073446,-0.0748587570621469,0.1060425543810351
2026-02-15,95,US,artificial intelligence,-0.04950495049504951,-0.7328382838283829,0.22881998726188404,0.39691907736896986,0.6833333333333333,0.05263157894736842,0.1111111111111111,0,0,2239,-0.4543309638521278,0.4859680801845205,0.1094238499330058,0.6703885663242519,0.2201875837427423,-0.0943556095212967,0.0645684605041461,-0.0519518114426555,-0.359975354330831
2026-02-15,41,US,bitcoin,-0.3333333333333333,0.042904290429042924,0.2718096809680968,1.0855066449915296,-0.37623762376237624,1.525,0.1111111111111111,0,1,23,-0.631065281553437,0.432201343088453,0.0434782608695652,0.9130434782608696,0.0434782608695652,-0.1415751639729106,0.1881545893719806,-0.1014106280193236,-0.4894901175805264
2026-02-15,64,US,inflation,0.031746031746031744,0.015616999487967229,0.0270694657791432,0.009507875462167295,0.016129032258064516,0.03333333333333333,0.1111111111111111,0,1,439,-0.4653612620033884,0.5041075360138595,0.1321184510250569,0.6993166287015945,0.1685649202733485,0.0401603616521995,-0.0521932936452562,0.0078734121984823,-0.505521623655588
2026-02-15,66,US,weather,0.21818181818181817,0.2859784283513097,-0.06943681472052878,0.2884422327854121,-0.06779661016949153,-0.358695652173913,0.1111111111111111,1,0,45,-0.3517249528111683,0.522167898090257,0.1555555555555555,0.6222222222222222,0.2222222222222222,-0.2913510430397258,0.1793650793650794,-0.2158730158730158,-0.0603739097714424
2026-02-22,23,SA,Ramadan,-0.7623762376237624,-5.373487348734873,1.4495782911624495,2.8097803775453127,4.611111111111111,0.5,0.17689075630252105,0,0,530,0.5225419766796788,0.4637585628787434,0.8358490566037736,0.1018867924528302,0.0622641509433962,0.1166490177118453,-0.0501355227494013,0.1189731849161864,0.4058929589678334
2026-02-22,50,SA,artificial intelligence,-0.07272727272727272,-0.19517625231910946,-0.025092764378478613,0.13042060483099957,0.12244897959183673,-0.125,0.17689075630252105,0,0,24,0.3749140639556572,0.4901082183027984,0.625,0.125,0.25,0.0759463074641174,-0.0818965517241379,0.0387931034482759,0.2989677564915398
2026-02-22,68,US,artificial intelligence,-0.28125,-0.2317450495049505,0.11752612761276125,0.5035174153159991,-0.04950495049504951,0.6833333333333333,0.1111111111111111,0,0,3261,-0.3876173031870224,0.5609237155028785,0.1720331186752529,0.6421343146274149,0.1858325666973321,0.0667136606651053,-0.028254251696837,0.0626092687422471,-0.4543309638521278
2026-02-22,74,US,inflation,0.15384615384615385,0.12210012210012211,0.06724040595008338,0.07540815171272963,0.031746031746031744,0.016129032258064516,0.1111111111111111,1,0,527,-0.4867485482581454,0.5517886794579655,0.1480075901328273,0.7381404174573055,0.1138519924098671,-0.021387286254757,0.038823788755711,0.0158891391077703,-0.4653612620033884
2026-02-22,64,US,weather,-0.029850746268656716,-0.2480325644504749,0.040178153914556675,0.1553188672255377,0.21818181818181817,-0.06779661016949153,0.1111111111111111,0,0,176,-0.3132876932927915,0.5344796332705823,0.1818181818181818,0.6079545454545454,0.2102272727272727,0.0384372595183767,-0.0142676767676768,0.0262626262626262,-0.3517249528111683
2026-03-01,20,SA,Ramadan,-0.125,0.6373762376237624,1.2412449578291163,2.9357384991426847,-0.7623762376237624,4.611111111111111,0.17689075630252105,0,0,196,0.5030133140520477,0.4488663154659816,0.8571428571428571,0.096938775510204,0.0459183673469387,-0.019528662627631,-0.0049480169426261,0.0212938005390834,0.5225419766796788
2026-03-01,51,SA,weather,0.6774193548387096,0.5702764976958525,0.21101568682213845,0.4241170563832765,0.10714285714285714,-0.15151515151515152,0.17689075630252105,1,1,45,0.6307291981453697,0.353549498978527,0.9333333333333332,0.0444444444444444,0.0222222222222222,0.282638921585007,-0.1712418300653594,0.2274509803921568,0.3480902765603626
2026-03-01,59,US,artificial intelligence,-0.13043478260869565,0.15081521739130435,-0.15372991103458175,0.11761564202433626,-0.28125,-0.04950495049504951,0.1111111111111111,0,0,301,-0.3835858313143996,0.5368981667929748,0.1661129568106312,0.627906976744186,0.2059800664451827,0.0040314718726228,-0.0142273378832288,-0.0059201618646217,-0.3876173031870224
2026-03-01,69,US,inflation,-0.06666666666666667,-0.2205128205128205,0.03964183964183964,0.11046824810494389,0.15384615384615385,0.031746031746031744,0.1111111111111111,0,0,1195,-0.4312778631217435,0.4993301183144821,0.1380753138075313,0.6644351464435146,0.1974895397489539,0.0554706851364019,-0.0737052710137908,-0.0099322763252959,-0.4867485482581454
2026-03-01,63,US,weather,-0.015384615384615385,0.01446613088404133,0.057648818842848726,0.13921368518670432,-0.029850746268656716,0.21818181818181817,0.1111111111111111,0,1,251,-0.3748795969441414,0.4835890167614876,0.1195219123505976,0.5976095617529881,0.2828685258964143,-0.0615919036513498,-0.0103449837015573,-0.0622962694675842,-0.3132876932927915
2026-03-08,21,SA,Ramadan,0.047619047619047616,0.17261904761904762,-0.2799190633349049,0.42664156814276016,-0.125,-0.7623762376237624,0.17689075630252105,0,0,355,0.5219391629493363,0.4146280722844571,0.8647887323943662,0.076056338028169,0.0591549295774647,0.0189258488972885,-0.020882437482035,0.007645875251509,0.5030133140520477
2026-03-08,41,SA,artificial intelligence,0.13513513513513514,0.4096449390567038,-0.07070064717123535,0.20482998909351838,-0.27450980392156865,-0.07272727272727272,0.17689075630252105,0,0,76,0.2032110883584736,0.5335986387815672,0.4473684210526316,0.1973684210526315,0.3552631578947368,-0.1717029755971835,0.0723684210526315,-0.1776315789473684,0.3749140639556572
2026-03-08,63,SA,weather,0.23076923076923078,-0.44665012406947885,0.3384438142502659,0.29999863816677985,0.6774193548387096,0.10714285714285714,0.17689075630252105,1,0,27,0.645133489259967,0.3187589192781299,0.8888888888888888,0.037037037037037,0.074074074074074,0.0144042911145974,-0.0074074074074074,-0.0444444444444445,0.6307291981453697
2026-03-08,81,US,ChatGPT,-0.012048192771084338,-0.08997027069316225,0.02195796171699785,0.04883929221665722,0.07792207792207792,0.0,0.1111111111111111,0,0,1108,-0.4222591417935754,0.4986238298679583,0.1245487364620938,0.6362815884476535,0.2391696750902527,-0.1096900802406766,0.1362815884476534,-0.014340152426795,-0.3125690615528987
2026-03-08,2,US,World Cup,0.0,0.0,0.0,0.0,0.0,0.0,0.1111111111111111,0,0,567,-0.5685425808413423,0.4464038540653384,0.0970017636684303,0.7901234567901234,0.1128747795414462,-0.5368447001556786,0.3349952516619183,-0.3260751594084927,-0.0316978806856637
2026-03-08,50,US,artificial intelligence,-0.15,-0.019565217391304346,-0.18722826086956523,0.08201076151777775,-0.13043478260869565,-0.28125,0.1111111111111111,0,1,186,-0.3712172829996674,0.5472046066322417,0.1720430107526881,0.6236559139784946,0.2043010752688172,0.0123685483147321,-0.0042510627656914,0.0059300539420569,-0.3835858313143996
2026-03-08,71,US,inflation,0.02857142857142857,0.09523809523809523,0.03858363858363859,0.11059683207319396,-0.06666666666666667,0.15384615384615385,0.1111111111111111,0,0,2044,-0.4869209352576351,0.5214512810552769,0.1281800391389432,0.7137964774951077,0.1580234833659491,-0.0556430721358915,0.049361331051593,-0.0098952746685881,-0.4312778631217435
2026-03-08,76,US,weather,0.203125,0.21850961538461539,0.052629879448909324,0.13053314988137735,-0.015384615384615385,-0.029850746268656716,0.1111111111111111,1,0,126,-0.4960906457983785,0.4727802344127776,0.1031746031746031,0.7063492063492064,0.1904761904761904,-0.1212110488542371,0.1087396445962183,-0.0163473091759944,-0.3748795969441414
2026-03-15,18,SA,Ramadan,-0.13636363636363635,-0.18398268398268397,-0.07124819624819624,0.10309873571626725,0.047619047619047616,-0.125,0.17689075630252105,0,0,2027,0.3791774380405364,0.5654088386159317,0.7488899851998027,0.1904292057227429,0.0606808090774543,-0.1427617249087999,0.1143728676945739,-0.1158987471945635,0.5219391629493363
2026-03-15,70,US,ChatGPT,-0.13414634146341464,-0.12209814869233031,-0.022757485437473694,0.10643904517246484,-0.012048192771084338,0.07792207792207792,0.1111111111111111,0,1,491,-0.515632477014225,0.4885057577439765,0.1018329938900203,0.7270875763747454,0.1710794297352342,-0.0933733352206495,0.0908059879270919,-0.0227157425720734,-0.4222591417935754
2026-03-15,2,US,World Cup,0.0,0.0,0.0,0.0,0.0,0.0,0.1111111111111111,0,0,46,-0.6154647429433205,0.4200580541314354,0.108695652173913,0.8260869565217391,0.0652173913043478,-0.0469221621019781,0.0359634997316157,0.0116938885054827,-0.5685425808413423
2026-03-15,72,US,artificial intelligence,0.43137254901960786,0.5813725490196079,0.05031258880363737,0.33015256987147623,-0.15,-0.13043478260869565,0.1111111111111111,1,0,155,-0.4535017212011641,0.4975420272537468,0.1096774193548387,0.6774193548387096,0.2129032258064516,-0.0822844382014966,0.053763440860215,-0.0623655913978494,-0.3712172829996674
2026-03-15,74,US,inflation,0.041666666666666664,0.013095238095238094,0.0011904761904761956,0.05912964732470269,0.02857142857142857,-0.06666666666666667,0.1111111111111111,0,1,1403,-0.4724321281842765,0.5582591188974335,0.1518175338560228,0.714896650035638,0.1332858161083392,0.0144888070733585,0.0011001725405302,0.0236374947170795,-0.4869209352576351
2026-03-15,79,US,weather,0.03896103896103896,-0.16416396103896103,0.07556714119214121,0.11376123260715246,0.203125,-0.015384615384615385,0.1111111111111111,0,0,213,-0.4035469766295222,0.4933353725489678,0.136150234741784,0.6384976525821596,0.2253521126760563,0.0925436691688563,-0.0678515537670467,0.0329756315671808,-0.4960906457983785
2026-03-22,2,SA,Ramadan,-0.8421052631578947,-0.7057416267942583,-0.3102832839674945,0.46966836189364386,-0.13636363636363635,0.047619047619047616,0.17689075630252105,0,0,76,0.1273781701334213,0.6366950828997817,0.5131578947368421,0.3552631578947368,0.131578947368421,-0.251799267907115,0.1648339521719938,-0.2357320904629605,0.3791774380405364
2026-03-22,88,SA,artificial intelligence,0.9347826086956522,0.839544513457557,0.3883852796896276,0.4736142674232112,0.09523809523809523,0.13513513513513514,0.17689075630252105,1,0,23,0.3628473876287107,0.5211336803320006,0.5217391304347826,0.1304347826086956,0.3478260869565217,0.1596362992702371,-0.0669336384439359,0.074370709382151,0.2032110883584736
2026-03-22,64,SA,inflation,0.2037037037037037,0.144880174291939,0.2136352038312823,0.16000875412179225,0.058823529411764705,0.3783783783783784,0.17689075630252105,1,1,30,-0.1120289501423637,0.6131351103533538,0.3,0.4,0.3,-0.0337547611328773,-0.0791666666666666,-0.1166666666666667,-0.0782741890094863
2026-03-22,86,SA,weather,0.45,0.5125,0.2060897435897436,0.25713978750007094,-0.0625,0.23076923076923078,0.17689075630252105,1,0,94,0.633196891226033,0.3889822575719185,0.8617021276595744,0.0744680851063829,0.0638297872340425,-0.011936598033934,0.0374310480693459,-0.0271867612293144,0.645133489259967
2026-03-22,83,US,ChatGPT,0.18309859154929578,0.3172449330127104,0.012301352438265587,0.16001800568837984,-0.13414634146341464,-0.012048192771084338,0.1111111111111111,1,0,2037,-0.1423131918125897,0.6180424327062963,0.321060382916053,0.4806087383406971,0.1983308787432498,0.3733192852016352,-0.2464788380340483,0.2192273890260326,-0.515632477014225
2026-03-22,62,US,artificial intelligence,-0.136986301369863,-0.5683588503894709,0.04812874921658158,0.33196264346098575,0.43137254901960786,-0.15,0.1111111111111111,0,0,312,-0.3277125955732444,0.5432617458032194,0.1762820512820513,0.5737179487179487,0.25,0.1257891256279197,-0.1037014061207609,0.0666046319272125,-0.4535017212011641
2026-03-22,42,US,bitcoin,0.075,0.075,-0.04689542483660123,0.15091061327836136,0.0,-0.21568627450980393,0.1111111111111111,0,0,27,-0.4667598518232504,0.5162074512135151,0.1481481481481481,0.6296296296296297,0.2222222222222222,0.1643054297301865,-0.2834138486312398,0.1046698872785829,-0.631065281553437
2026-03-22,100,US,inflation,0.3466666666666667,0.305,0.138968253968254,0.17999123393452485,0.041666666666666664,0.02857142857142857,0.1111111111111111,1,0,82,-0.3033521228197326,0.471873833709834,0.1341463414634146,0.6585365853658537,0.2073170731707317,0.1690800053645439,-0.0563600646697842,-0.0176711923926081,-0.4724321281842765
2026-03-22,67,US,weather,-0.15,-0.18896103896103894,0.030695346320346355,0.17670754840236133,0.03896103896103896,0.203125,0.1111111111111111,0,1,110,-0.3553143329241059,0.5623894840874691,0.1727272727272727,0.6090909090909091,0.2181818181818181,0.0482326437054163,-0.0294067434912504,0.0365770379854887,-0.4035469766295222
2026-03-29,73,SA,artificial intelligence,-0.16853932584269662,-1.103321934538349,0.2871604593636837,0.5761557673034501,0.9347826086956522,0.09523809523809523,0.17689075630252105,0,0,65,0.3851554038146367,0.494650319876737,0.5846153846153846,0.1076923076923077,0.3076923076923077,0.0223080161859259,-0.0227424749163879,0.062876254180602,0.3628473876287107
2026-03-29,50,SA,weather,-0.41379310344827586,-0.8637931034482759,-0.008764367816091948,0.4343964433738539,0.45,-0.0625,0.17689075630252105,0,0,56,0.3044331186184926,0.6192746882433563,0.6428571428571429,0.2678571428571428,0.0892857142857142,-0.3287637726075403,0.1933890577507598,-0.2188449848024315,0.633196891226033
2026-03-29,80,US,ChatGPT,-0.03571428571428571,-0.2188128772635815,0.004412654790531799,0.16238446784180932,0.18309859154929578,-0.13414634146341464,0.1111111111111111,0,0,1004,-0.5832978860935218,0.4649307591137014,0.0856573705179282,0.7808764940239044,0.1334661354581673,-0.4409846942809321,0.3002677556832072,-0.2354030123981247,-0.1423131918125897
2026-03-29,59,US,artificial intelligence,-0.047619047619047616,0.08936725375081539,0.08225573334356572,0.3056281069397502,-0.136986301369863,0.43137254901960786,0.1111111111111111,0,1,2178,-0.5507756807243569,0.4660054207421322,0.0826446280991735,0.7433425160697889,0.1740128558310376,-0.2230630851511125,0.1696245673518401,-0.0936374231828777,-0.3277125955732444
2026-03-29,92,US,inflation,-0.07920792079207921,-0.4258745874587459,0.10304180418041804,0.2194708903007712,0.3466666666666667,0.041666666666666664,0.1111111111111111,0,0,201,-0.3814493159934952,0.5261314688783059,0.1592039800995024,0.6119402985074627,0.2288557213930348,-0.0780971931737626,-0.046596286858391,0.0250576386360878,-0.3033521228197326
2026-03-29,76,US,weather,0.1323529411764706,0.2823529411764706,0.007104660045836551,0.14384685434844463,-0.15,0.03896103896103896,0.1111111111111111,1,0,31,-0.4110000975309841,0.5295220501276592,0.1612903225806451,0.6774193548387096,0.1612903225806451,-0.0556857646068781,0.0683284457478005,-0.0114369501466275,-0.3553143329241059
2026-04-05,64,SA,artificial intelligence,-0.12162162162162163,0.046917704221074996,0.21487388707711133,0.6239004274234594,-0.16853932584269662,0.9347826086956522,0.17689075630252105,0,0,32,0.3286287659429945,0.5437558999211142,0.5625,0.15625,0.28125,-0.0565266378716422,0.0485576923076923,-0.0221153846153846,0.3851554038146367
2026-04-05,44,SA,weather,-0.11764705882352941,0.2961460446247465,-0.027146720757268417,0.43895029876260633,-0.41379310344827586,0.45,0.17689075630252105,0,1,107,0.5179731081387846,0.4820396857456183,0.7663551401869159,0.0841121495327102,0.1495327102803738,0.213539989520292,-0.1837449933244325,0.1234979973297729,0.3044331186184926
2026-04-05,73,US,ChatGPT,-0.08641975308641975,-0.050705467372134036,0.020321517582863435,0.14323073330176606,-0.03571428571428571,0.18309859154929578,0.1111111111111111,0,0,772,-0.3393191748100859,0.5994527837431055,0.2020725388601036,0.6178756476683938,0.1800518134715026,0.2439787112834359,-0.1630008463555106,0.1164151683421753,-0.5832978860935218
2026-04-05,70,US,artificial intelligence,0.18333333333333332,0.23095238095238094,-0.00042400521852580436,0.16529275880838692,-0.047619047619047616,-0.136986301369863,0.1111111111111111,1,0,985,-0.2701194442496611,0.5305353502641907,0.1817258883248731,0.5187817258883248,0.299492385786802,0.2806562364746958,-0.224560790181464,0.0990812602256995,-0.5507756807243569
2026-04-05,72,US,inflation,-0.21505376344086022,-0.13584584264878102,0.017468327477909107,0.29307368209158,-0.07920792079207921,0.3466666666666667,0.1111111111111111,0,0,952,-0.3611362024656489,0.5473760651368629,0.1701680672268907,0.6029411764705882,0.226890756302521,0.0203131135278463,-0.0089991220368744,0.0109640871273882,-0.3814493159934952
2026-04-05,66,US,weather,-0.12987012987012986,-0.2622230710466005,-0.04917239623121972,0.1575274230367312,0.1323529411764706,-0.15,0.1111111111111111,0,0,26,-0.3783848460477132,0.4479910689957938,0.1153846153846153,0.6923076923076923,0.1923076923076923,0.0326152514832708,0.0148883374689826,-0.0459057071960297,-0.4110000975309841
2026-04-12,1,SA,Ramadan,0.0,0.3333333333333333,-0.1111111111111111,0.19245008972986274,-0.3333333333333333,0.0,0.17689075630252105,0,0,20,0.0575938946567475,0.5657865121188109,0.4,0.3,0.3,-0.0697842754766737,-0.0552631578947368,-0.1131578947368421,0.1273781701334213
2026-04-12,52,SA,artificial intelligence,-0.18461538461538463,-0.062993762993763,-0.15825877735990088,0.032731037286629495,-0.12162162162162163,-0.16853932584269662,0.17689075630252105,0,1,34,0.5254634600132704,0.4644804955939643,0.7647058823529411,0.0588235294117647,0.1764705882352941,0.1968346940702758,-0.0974264705882353,0.2022058823529411,0.3286287659429945
2026-04-12,58,SA,weather,0.3111111111111111,0.42875816993464055,-0.07344301705356471,0.36446814408544786,-0.11764705882352941,-0.41379310344827586,0.17689075630252105,1,1,229,0.5471997156690432,0.4573088107994206,0.777292576419214,0.0829694323144104,0.1397379912663755,0.0292266075302586,-0.0011427172182997,0.0109374362322981,0.5179731081387846
2026-04-12,76,US,ChatGPT,0.04054054054054054,0.1269602936269603,-0.02719783275338831,0.0639071710979082,-0.08641975308641975,-0.03571428571428571,0.1111111111111111,0,0,1241,-0.4508928485157675,0.5460640405112173,0.1410153102336825,0.6905721192586624,0.1684125705076551,-0.1115736737056816,0.0726964715902686,-0.0610572286264211,-0.3393191748100859
2026-04-12,2,US,World Cup,0.0,0.25,0.027777777777777807,0.2926570486903547,-0.25,0.3333333333333333,0.1111111111111111,0,0,37,-0.3274259990886659,0.5852843716772098,0.2162162162162162,0.5135135135135135,0.2702702702702703,0.2880387438546546,-0.3125734430082256,0.1075205640423031,-0.6154647429433205
2026-04-12,67,US,artificial intelligence,-0.04225352112676056,-0.22558685446009388,0.031153588195841676,0.13181882771902803,0.18333333333333332,-0.047619047619047616,0.1111111111111111,0,0,2944,-0.4673312524350679,0.4839606418885691,0.1100543478260869,0.6807065217391305,0.2092391304347826,-0.1972118081854068,0.1619247958508056,-0.0716715404987861,-0.2701194442496611
2026-04-12,37,US,bitcoin,0.08571428571428572,0.23205574912891985,-0.03571293520244165,0.11640415155414838,-0.14634146341463414,-0.046511627906976744,0.1111111111111111,0,0,177,-0.2291192406220203,0.593443049306538,0.2372881355932203,0.5028248587570622,0.2598870056497175,0.2376406112012301,-0.1268047708725674,0.0891399874450722,-0.4667598518232504
2026-04-12,100,US,electric cars,0.07446808510638298,0.006286266924564798,0.31285609021171334,0.4183560110495172,0.06818181818181818,0.7959183673469388,0.1111111111111111,0,0,208,-0.4646876402593289,0.4817329331296401,0.0961538461538461,0.6875,0.2163461538461538,-0.0369482398182078,0.0164473684210526,-0.0354251012145748,-0.4277394004411211
2026-04-12,68,US,inflation,-0.0547945205479452,0.16025924289291502,-0.11635206826029486,0.08634536467875929,-0.21505376344086022,-0.07920792079207921,0.1111111111111111,0,0,141,-0.4639264530640967,0.4813619701272711,0.0851063829787234,0.6737588652482269,0.2411347517730496,-0.1027902505984478,0.0708176887776387,-0.0850616842481673,-0.3611362024656489
2026-04-12,71,US,weather,0.07462686567164178,0.20449699554177164,0.025703225659327544,0.13778743288601678,-0.12987012987012986,0.1323529411764706,0.1111111111111111,0,0,98,-0.3188406617703791,0.5707409639658239,0.1938775510204081,0.5816326530612245,0.2244897959183673,0.0595441842773341,-0.1106750392464678,0.0784929356357927,-0.3783848460477132
2026-04-19,1,SA,World Cup,0.0,0.0,-0.16666666666666666,0.2886751345948133,0.0,-0.5,0.17689075630252105,0,0,28,0.1870578862726688,0.6032497956138979,0.5714285714285714,0.25,0.1785714285714285,0.2068496752116415,-0.1574074074074073,0.164021164021164,-0.0197917889389726
2026-04-19,100,SA,artificial intelligence,0.9056603773584906,1.0902757619738752,0.1998077903738282,0.6120971813844056,-0.18461538461538463,-0.12162162162162163,0.17689075630252105,1,0,172,0.0837622538458036,0.5525816042738965,0.3604651162790697,0.2383720930232558,0.4011627906976744,-0.4417012061674668,0.1795485636114911,-0.4042407660738714,0.5254634600132704
2026-04-19,73,SA,weather,0.2542372881355932,-0.05687382297551791,0.1492337801410583,0.23286840616492843,0.3111111111111111,-0.11764705882352941,0.17689075630252105,1,0,39,0.4835360813647126,0.5005212453037893,0.7692307692307693,0.1025641025641025,0.1282051282051282,-0.0636636343043305,0.019594670249692,-0.0080618071884447,0.5471997156690432
2026-04-19,72,US,ChatGPT,-0.05194805194805195,-0.0924885924885925,-0.032609088164643724,0.065652309019736,0.04054054054054054,-0.08641975308641975,0.1111111111111111,0,0,373,-0.4747429936425136,0.4510571984339469,0.0884718498659517,0.6863270777479893,0.225201072386059,-0.0238501451267461,-0.004245041510673,-0.0525434603677307,-0.4508928485157675
2026-04-19,2,US,World Cup,0.0,0.0,-0.0833333333333333,0.144337567297408,0.0,-0.25,0.1111111111111111,0,0,73,-0.6545651159695771,0.3945871995306116,0.0410958904109589,0.8493150684931506,0.1095890410958904,-0.3271391168809112,0.3358015549796371,-0.1751203258052573,-0.3274259990886659
2026-04-19,68,US,artificial intelligence,0.014705882352941176,0.05695940347970174,0.05192856485317127,0.11730943395858928,-0.04225352112676056,0.18333333333333332,0.1111111111111111,0,0,965,-0.0537159770780238,0.6758254847921329,0.3544041450777202,0.4341968911917098,0.2113989637305699,0.413615275357044,-0.2465096305474206,0.2443497972516332,-0.4673312524350679
2026-04-19,31,US,bitcoin,-0.15789473684210525,-0.24360902255639097,-0.07284063818081782,0.1374340476383452,0.08571428571428572,-0.14634146341463414,0.1111111111111111,0,0,388,-0.4843568434319507,0.5154523360766865,0.1237113402061855,0.7190721649484536,0.1572164948453608,-0.2552376028099303,0.2162473061913914,-0.1135767953870347,-0.2291192406220203
2026-04-19,82,US,electric cars,-0.1782178217821782,-0.2526859068885612,-0.011855972831325648,0.14410786889591226,0.07446808510638298,0.06818181818181818,0.1111111111111111,0,0,88,-0.5346265802350403,0.4291987132826849,0.0568181818181818,0.7045454545454546,0.2386363636363636,-0.0699389399757113,0.0170454545454545,-0.0393356643356643,-0.4646876402593289
2026-04-19,68,US,inflation,0.0,0.0547945205479452,-0.08994942799626844,0.11175388552884612,-0.0547945205479452,-0.21505376344086022,0.1111111111111111,0,0,30,-0.6209698596037925,0.4468574581494071,0.0666666666666666,0.8,0.1333333333333333,-0.1570434065396957,0.1262411347517731,-0.0184397163120567,-0.4639264530640967
2026-04-19,67,US,weather,-0.05555555555555555,-0.13018242122719734,-0.0369329399180145,0.10351259177651086,0.07462686567164178,-0.12987012987012986,0.1111111111111111,0,0,39,-0.3467869806366089,0.4899889672241424,0.1282051282051282,0.5897435897435898,0.282051282051282,-0.0279463188662297,0.0081109366823652,-0.0656724228152799,-0.3188406617703791
2026-04-26,1,SA,World Cup,0.0,0.0,0.0,0.0,0.0,0.0,0.17689075630252105,0,0,81,-0.0110822269049139,0.6247000418504309,0.3333333333333333,0.382716049382716,0.2839506172839506,-0.1981401131775828,0.132716049382716,-0.238095238095238,0.1870578862726688
2026-04-26,58,SA,artificial intelligence,-0.4158415841584158,-1.3215019615169064,0.10173446952823012,0.7057542332847249,0.9056603773584906,-0.18461538461538463,0.17689075630252105,0,0,39,0.215112939548607,0.4225845647259223,0.3846153846153846,0.1025641025641025,0.5128205128205128,0.1313506857028034,-0.1358079904591532,0.0241502683363148,0.0837622538458036
2026-04-26,44,SA,weather,-0.3918918918918919,-0.6461291800274851,0.05781883578493748,0.3904977104615082,0.2542372881355932,0.3111111111111111,0.17689075630252105,0,0,34,0.5445458434303018,0.502773955601945,0.8235294117647058,0.1176470588235294,0.0588235294117647,0.0610097620655891,0.0150829562594268,0.0542986425339365,0.4835360813647126
2026-04-26,75,US,ChatGPT,0.0410958904109589,0.09304394235901085,0.009896126334482494,0.05355934926743435,-0.05194805194805195,0.04054054054054054,0.1111111111111111,0,0,1580,-0.3909929889879083,0.5626256999731235,0.1677215189873417,0.6462025316455696,0.1860759493670886,0.0837500046546052,-0.0401245461024196,0.07924966912139,-0.4747429936425136
2026-04-26,2,US,World Cup,0.0,0.0,0.0,0.0,0.0,0.0,0.1111111111111111,0,0,40,-0.354988867114298,0.5959615401635466,0.225,0.6,0.175,0.299576248855279,-0.2493150684931506,0.1839041095890411,-0.6545651159695771
2026-04-26,66,US,artificial intelligence,-0.028985507246376812,-0.04369138959931799,-0.018844382006732104,0.029803107674124814,0.014705882352941176,-0.04225352112676056,0.1111111111111111,0,0,442,-0.0951579304357223,0.6391224280809308,0.3054298642533937,0.4321266968325792,0.2624434389140271,-0.0414419533576985,-0.0020701943591306,-0.0489742808243265,-0.0537159770780238
2026-04-26,28,US,bitcoin,-0.09375,0.06414473684210525,-0.055310150375939775,0.12627175256984519,-0.15789473684210525,0.08571428571428572,0.1111111111111111,0,0,77,-0.3737582503394647,0.5721373498725286,0.1948051948051948,0.5844155844155844,0.2207792207792207,0.1105985930924859,-0.1346565805328692,0.0710938545990092,-0.4843568434319507
2026-04-26,68,US,inflation,0.0,0.0,-0.018264840182648383,0.03163563118847194,0.0,-0.0547945205479452,0.1111111111111111,0,0,1141,-0.5459017004780178,0.448851377076145,0.0858895705521472,0.7607361963190185,0.1533742331288343,0.0750681591257746,-0.0392638036809815,0.0192229038854805,-0.6209698596037925
2026-04-26,70,US,weather,0.04411764705882353,0.09967320261437909,0.021062985724969962,0.06808453389763303,-0.05555555555555555,0.07462686567164178,0.1111111111111111,0,0,29,-0.31728272034048,0.536481735090302,0.1379310344827586,0.5172413793103449,0.3448275862068966,0.0295042602961288,-0.0725022104332449,0.0097259062776304,-0.3467869806366089
2026-05-03,1,SA,Ramadan,0.0,0.0,0.0,0.0,0.0,0.0,0.17689075630252105,0,0,40,0.448075153445825,0.1447620007538671,0.7,0.0,0.3,0.3904812587890774,-0.3,0.2999999999999999,0.0575938946567475
2026-05-03,1,SA,World Cup,0.0,0.0,0.0,0.0,0.0,0.0,0.17689075630252105,0,1,33,0.2664838613603603,0.6747973354341685,0.6060606060606061,0.2727272727272727,0.1212121212121212,0.2775660882652742,-0.1099887766554433,0.2727272727272727,-0.0110822269049139
2026-05-03,60,SA,artificial intelligence,0.03389830508474576,0.4497398892431616,0.17457236609494023,0.6718881991478066,-0.4158415841584158,0.9056603773584906,0.17689075630252105,0,0,161,0.1104491880360227,0.616215853558012,0.4409937888198758,0.3043478260869565,0.2546583850931677,-0.1046637515125843,0.2017837235228539,0.0563784042044911,0.215112939548607
2026-05-03,40,SA,weather,-0.08888888888888889,0.303003003003003,-0.07551449754839586,0.3232721532680224,-0.3918918918918919,0.2542372881355932,0.17689075630252105,0,0,86,0.6097821931592947,0.4709756553846208,0.8488372093023255,0.0930232558139534,0.0581395348837209,0.0652363497289929,-0.0246238030095759,0.0253077975376196,0.5445458434303018
2026-05-03,72,US,ChatGPT,-0.039473684210526314,-0.08056957462148522,-0.016775281915873127,0.05050452358427026,0.0410958904109589,-0.05194805194805195,0.1111111111111111,0,0,58,-0.3286390013125693,0.577309593597471,0.2068965517241379,0.603448275862069,0.1896551724137931,0.062353987675339,-0.0427542557835006,0.0391750327367961,-0.3909929889879083
2026-05-03,2,US,World Cup,0.0,0.0,0.0,0.0,0.0,0.0,0.1111111111111111,0,1,46,-0.4273860179414244,0.4146514677632573,0.0652173913043478,0.6521739130434783,0.2826086956521739,-0.0723971508271263,0.0521739130434782,-0.1597826086956522,-0.354988867114298
2026-05-03,60,US,artificial intelligence,-0.08955223880597014,-0.06056673155959333,-0.0346106212331353,0.052356187670795536,-0.028985507246376812,0.014705882352941176,0.1111111111111111,0,0,757,-0.1561396362289511,0.6443846891448307,0.3104359313077939,0.4861294583883752,0.2034346103038309,-0.0609817057932287,0.0540027615557959,0.0050060670544002,-0.0951579304357223
2026-05-03,30,US,bitcoin,0.06896551724137931,0.1627155172413793,-0.060893073200241905,0.11694476024922694,-0.09375,-0.15789473684210525,0.1111111111111111,0,0,53,-0.5256766734187895,0.5270064266987858,0.1509433962264151,0.7735849056603774,0.0754716981132075,-0.1519184230793248,0.189169321244793,-0.0438617985787797,-0.3737582503394647
2026-05-03,66,US,inflation,-0.028985507246376812,-0.028985507246376812,-0.009661835748792253,0.016734790411292222,0.0,0.0,0.1111111111111111,0,1,301,-0.5462186299016903,0.462005389183762,0.0963455149501661,0.7541528239202658,0.1495016611295681,-0.0003169294236725,-0.0065833723987526,0.0104559443980188,-0.5459017004780178
2026-05-03,65,US,weather,-0.07042253521126761,-0.11454018227009113,-0.027286814569333174,0.062283261204966404,0.04411764705882353,-0.05555555555555555,0.1111111111111111,0,0,33,-0.0716415177184072,0.6300238357914089,0.3636363636363636,0.4242424242424242,0.2121212121212121,0.2456412026220727,-0.0929989550679206,0.225705329153605,-0.31728272034048
2026-05-10,1,SA,Ramadan,0.0,0.0,0.0,0.0,0.0,0.0,0.17689075630252105,0,0,25,0.4393585147708655,0.1925895694100655,0.68,0.04,0.28,-0.0087166386749594,0.04,-0.0199999999999999,0.448075153445825
2026-05-10,55,SA,artificial intelligence,-0.08196721311475409,-0.11586551819949986,-0.15463683072947465,0.23351048581876352,0.03389830508474576,-0.4158415841584158,0.17689075630252105,0,0,86,0.1320149349698493,0.6345219393013666,0.4767441860465116,0.3023255813953488,0.2209302325581395,0.0215657469338266,-0.0020222446916077,0.0357503972266358,0.1104491880360227
2026-05-10,73,US,ChatGPT,0.0136986301369863,0.053172314347512614,0.005106945445806292,0.040966167419545216,-0.039473684210526314,0.0410958904109589,0.1111111111111111,0,0,965,-0.4293924459941453,0.5406700217196331,0.1430051813471502,0.6694300518134715,0.1875647668393782,-0.100753444681576,0.0659817759514025,-0.0638913703769876,-0.3286390013125693
2026-05-10,3,US,World Cup,0.3333333333333333,0.3333333333333333,0.11111111111111115,0.1924500897298766,0.0,0.0,0.1111111111111111,1,1,175,-0.2823504428459065,0.6034283898935532,0.2342857142857143,0.5828571428571429,0.1828571428571428,0.1450355750955178,-0.0693167701863354,0.1690683229813664,-0.4273860179414244
2026-05-10,62,US,artificial intelligence,0.03278688524590164,0.12233912405187178,-0.02858362026881514,0.06117055217424358,-0.08955223880597014,-0.028985507246376812,0.1111111111111111,0,1,1334,-0.2815866953912547,0.5941967648623357,0.2256371814092953,0.5599700149925038,0.2143928035982009,-0.1254470591623036,0.0738405566041285,-0.0847987498984985,-0.1561396362289511
2026-05-10,27,US,bitcoin,-0.0967741935483871,-0.1657397107897664,-0.04051955876900252,0.09482891351483325,0.06896551724137931,-0.09375,0.1111111111111111,0,0,45,-0.435689939185977,0.5399509956200567,0.1555555555555555,0.6888888888888889,0.1555555555555555,0.0899867342328125,-0.0846960167714885,0.0046121593291404,-0.5256766734187895
2026-05-10,76,US,electric cars,0.1323529411764706,0.146845694799659,-0.01693817041396614,0.1505287183702366,-0.014492753623188406,-0.1686746987951807,0.1111111111111111,1,0,488,-0.3430557189810807,0.53457997078835,0.1680327868852459,0.6290983606557377,0.2028688524590164,0.1915708612539595,-0.0754470938897169,0.111214605067064,-0.5346265802350403
2026-05-10,75,US,inflation,0.13432835820895522,0.16331386545533202,0.03511428365419282,0.08713560896614468,-0.028985507246376812,0.0,0.1111111111111111,1,0,2372,-0.3901253275610161,0.5400743647065406,0.1639966273187184,0.6349072512647554,0.2010961214165261,0.1560933023406742,-0.1192455726555103,0.0676511123685522,-0.5462186299016903
2026-05-10,61,US,weather,-0.06060606060606061,0.009816474605207001,-0.02897031625283486,0.06348605027250842,-0.07042253521126761,0.04411764705882353,0.1111111111111111,0,1,23,-0.1940774123953736,0.5625395427666592,0.2608695652173913,0.5217391304347826,0.217391304347826,-0.1224358946769664,0.0974967061923583,-0.1027667984189723,-0.0716415177184072
2026-05-17,3,SA,World Cup,0.3333333333333333,-0.16666666666666669,0.2777777777777778,0.25458753860865696,0.5,0.0,0.17689075630252105,1,0,57,0.2356170814059544,0.5671354728877094,0.4912280701754385,0.175438596491228,0.3333333333333333,-0.0308667799544058,-0.0972886762360446,-0.1148325358851675,0.2664838613603603
2026-05-17,56,SA,artificial intelligence,0.017857142857142856,0.09982435597189696,-0.010070588390955081,0.062778763976436,-0.08196721311475409,0.03389830508474576,0.17689075630252105,0,0,61,0.2545657708446999,0.5717857726486664,0.6065573770491803,0.180327868852459,0.2131147540983606,0.1225508358748505,-0.1219977125428898,0.1298131910026687,0.1320149349698493
2026-05-17,73,US,ChatGPT,0.0,-0.0136986301369863,-0.00859168469118001,0.027607726049823603,0.0136986301369863,-0.039473684210526314,0.1111111111111111,0,0,493,-0.3685566391030791,0.5541472724377547,0.1744421906693712,0.6369168356997972,0.1886409736308316,0.0608358068910662,-0.0325132161136743,0.0314370093222209,-0.4293924459941453
2026-05-17,4,US,World Cup,0.25,-0.08333333333333331,0.1944444444444445,0.17347216662217926,0.3333333333333333,0.0,0.1111111111111111,1,1,581,-0.3581665648955358,0.5960501192573197,0.2030981067125645,0.6351118760757315,0.1617900172117039,-0.0758161220496292,0.0522547332185886,-0.0311876075731497,-0.2823504428459065
2026-05-17,76,US,artificial intelligence,0.2222222222222222,0.18943533697632056,0.055152289554051194,0.1570859227294261,0.03278688524590164,-0.08955223880597014,0.1111111111111111,1,1,2310,-0.3830519244518308,0.5436594412750722,0.1683982683982684,0.6350649350649351,0.1965367965367965,-0.1014652290605761,0.0750949200724313,-0.0572389130110269,-0.2815866953912547
2026-05-17,27,US,bitcoin,0.0,0.0967741935483871,-0.00926955876900252,0.0832577712468794,-0.0967741935483871,0.06896551724137931,0.1111111111111111,0,0,173,-0.4861172345935264,0.5555721622631312,0.1502890173410404,0.7167630057803468,0.1329479768786127,-0.0504272954075494,0.0278741168914579,-0.005266538214515,-0.435689939185977
2026-05-17,73,US,electric cars,-0.03896103896103896,-0.17131398013750954,0.026299716197414443,0.0926560259410437,0.1323529411764706,-0.014492753623188406,0.1111111111111111,0,0,216,-0.3194345866580045,0.5054170426725876,0.1574074074074074,0.5462962962962963,0.2962962962962963,0.0236211323230761,-0.0828020643594413,-0.0106253794778384,-0.3430557189810807
2026-05-17,70,US,inflation,-0.06578947368421052,-0.20011783189316573,0.013184459092789313,0.10651533319757349,0.13432835820895522,-0.028985507246376812,0.1111111111111111,0,0,248,-0.4719362855220453,0.4736789180312039,0.1129032258064516,0.6975806451612904,0.189516129032258,-0.0818109579610292,0.0626733938965349,-0.0510934015122667,-0.3901253275610161
2026-05-17,80,US,weather,0.3064516129032258,0.3670576735092864,0.05847433902863256,0.2148107005298503,-0.06060606060606061,-0.07042253521126761,0.1111111111111111,1,0,92,-0.2080469378067747,0.5956723013865152,0.2934782608695652,0.5,0.2065217391304347,-0.013969525411401,-0.0217391304347825,0.0326086956521739,-0.1940774123953736
2026-05-24,65,SA,artificial intelligence,0.15789473684210525,0.1400375939849624,0.03126155552816475,0.12049148297107112,0.017857142857142856,-0.08196721311475409,0.17689075630252105,0,0,88,0.3543009863086891,0.5453856576394173,0.5909090909090909,0.1363636363636363,0.2727272727272727,0.0997352154639892,-0.0439642324888226,-0.0156482861400893,0.2545657708446999
2026-05-24,38,SA,weather,0.08333333333333333,-0.007575757575757583,-0.006959842325695992,0.16299718538440366,0.09090909090909091,-0.1951219512195122,0.17689075630252105,0,0,27,0.5998699918596281,0.410030876978253,0.8888888888888888,0.1111111111111111,0.0,-0.0099122012996666,0.0180878552971576,0.0400516795865633,0.6097821931592947
2026-05-24,71,US,ChatGPT,-0.02702702702702703,-0.02702702702702703,-0.004442798963346914,0.0207231424941216,0.0,0.0136986301369863,0.1111111111111111,0,0,24,-0.2684647406761845,0.5626252035773953,0.25,0.5,0.25,0.1000918984268946,-0.1369168356997971,0.0755578093306288,-0.3685566391030791
2026-05-24,5,US,World Cup,0.2,-0.04999999999999999,0.2611111111111111,0.06735753140546047,0.25,0.3333333333333333,0.1111111111111111,1,1,103,-0.3171143631622629,0.5942538376047439,0.1650485436893204,0.5436893203883495,0.2912621359223301,0.0410522017332729,-0.091422555687382,-0.0380495630232441,-0.3581665648955358
2026-05-24,85,US,artificial intelligence,0.11688311688311688,-0.10533910533910533,0.12396407478374687,0.09491597177201502,0.2222222222222222,0.03278688524590164,0.1111111111111111,1,0,1519,-0.4164482135456877,0.5401318977754417,0.1527320605661619,0.6708360763660303,0.1764318630678077,-0.0333962890938568,0.0357711413010951,-0.0156662078321064,-0.3830519244518308
2026-05-24,61,US,electric cars,-0.16216216216216217,-0.12320112320112321,-0.02292341998224348,0.14791108964686578,-0.03896103896103896,0.1323529411764706,0.1111111111111111,0,0,66,-0.3032290409036884,0.590468057492102,0.1969696969696969,0.5757575757575758,0.2272727272727272,0.0162055457543161,0.0294612794612795,0.0395622895622895,-0.3194345866580045
2026-05-24,67,US,inflation,-0.04225352112676056,0.02353595255744996,0.008761787799328064,0.10937873636600255,-0.06578947368421052,0.13432835820895522,0.1111111111111111,0,0,77,-0.4567196822979233,0.4592793010398308,0.0779220779220779,0.6753246753246753,0.2467532467532467,0.0152166032241219,-0.022255969836615,-0.0349811478843736,-0.4719362855220453
2026-05-24,69,US,weather,-0.13580246913580246,-0.4422540820390283,0.036681027720454285,0.23663421442457191,0.3064516129032258,-0.06060606060606061,0.1111111111111111,0,0,325,-0.3077427769395021,0.5700170043494656,0.2123076923076923,0.5753846153846154,0.2123076923076923,-0.0996958391327273,0.0753846153846153,-0.0811705685618729,-0.2080469378067747
2026-05-31,55,SA,artificial intelligence,-0.15151515151515152,-0.3094098883572568,0.008078909394698935,0.154936535847898,0.15789473684210525,0.017857142857142856,0.17689075630252105,0,0,87,0.4245007113799795,0.4940807422649071,0.6436781609195402,0.1149425287356321,0.2413793103448276,0.0701997250712903,-0.0214211076280041,0.0527690700104492,0.3543009863086891
2026-05-31,74,US,ChatGPT,0.041666666666666664,0.06869369369369369,0.004879879879879874,0.03460586379578239,-0.02702702702702703,0.0,0.1111111111111111,0,0,79,-0.3331641142928525,0.5914326957349754,0.1772151898734177,0.5822784810126582,0.240506329113924,-0.064699373616668,0.0822784810126582,-0.0727848101265822,-0.2684647406761845
2026-05-31,9,US,World Cup,0.6666666666666666,0.4666666666666666,0.37222222222222223,0.25621894572445014,0.2,0.25,0.1111111111111111,1,1,551,-0.4003745334868585,0.5533074715277789,0.1506352087114337,0.6352087114337568,0.2141560798548094,-0.0832601703245955,0.0915193910454073,-0.0144133349778866,-0.3171143631622629
2026-05-31,86,US,artificial intelligence,0.011627906976744186,-0.10525520990637269,0.11691108202736106,0.10529716040789021,0.11688311688311688,0.2222222222222222,0.1111111111111111,0,1,1735,-0.3598027907043524,0.519397551407917,0.1504322766570605,0.6069164265129683,0.2426512968299712,0.0566454228413352,-0.0639196498530619,-0.0022997839091014,-0.4164482135456877
2026-05-31,70,US,inflation,0.04411764705882353,0.0863711681855841,-0.021308449250715834,0.057869817905583834,-0.04225352112676056,-0.06578947368421052,0.1111111111111111,0,1,1223,-0.4951843353352362,0.5300187020720168,0.1365494685200327,0.7260834014717906,0.1373671300081766,-0.0384646530373128,0.0507587261471152,0.0586273905979548,-0.4567196822979233
2026-05-31,59,US,weather,-0.14285714285714285,-0.007054673721340388,0.00926400030342687,0.257396192507591,-0.13580246913580246,0.3064516129032258,0.1111111111111111,0,1,81,0.1377596382258666,0.6142913925727709,0.4938271604938271,0.2962962962962963,0.2098765432098765,0.4455024151653688,-0.2790883190883191,0.2815194681861348,-0.3077427769395021
2026-06-07,33,SA,World Cup,3.25,2.25,1.4166666666666667,1.6645820296198477,1.0,0.0,0.17689075630252105,1,1,45,0.5235462960683637,0.545223931450554,0.7777777777777778,0.1111111111111111,0.1111111111111111,0.2879292146624093,-0.0643274853801169,0.2865497076023392,0.2356170814059544
2026-06-07,35,SA,artificial intelligence,-0.35714285714285715,-0.20562770562770563,-0.11692109060530105,0.25925565103220116,-0.15151515151515152,0.15789473684210525,0.17689075630252105,0,0,79,0.1063654147253572,0.5995111262644915,0.379746835443038,0.3037974683544304,0.3164556962025316,-0.3181352966546223,0.1888549396187982,-0.2639313254765022,0.4245007113799795
2026-06-07,48,US,World Cup,3.9,3.2333333333333334,1.5888888888888888,2.0150360717293303,0.6666666666666666,0.2,0.1111111111111111,1,1,3292,-0.3738088116688,0.5746619600221946,0.1846901579586877,0.6369987849331713,0.1783110571081409,0.0265657218180584,0.0017900734994145,0.0340549492472539,-0.4003745334868585
2026-06-07,99,US,artificial intelligence,0.14942528735632185,0.13779738037957767,0.09264543707206092,0.07202519248038142,0.011627906976744186,0.11688311688311688,0.1111111111111111,1,0,516,-0.4342535873658435,0.5067137838126664,0.1298449612403101,0.6705426356589147,0.1996124031007752,-0.0744507966614911,0.0636262091459464,-0.0205873154167504,-0.3598027907043524
2026-06-07,70,US,electric cars,0.16393442622950818,0.18006345848757271,-0.004785589396906135,0.16334396686786415,-0.016129032258064516,-0.16216216216216217,0.1111111111111111,1,0,557,-0.4433152616171156,0.4749344939448588,0.104129263913824,0.6714542190305206,0.2244165170556553,-0.1400862207134272,0.0956966432729448,-0.0928404330558729,-0.3032290409036884
2026-06-07,95,US,inflation,0.352112676056338,0.30799502899751446,0.11799226732946701,0.2073023613234144,0.04411764705882353,-0.04225352112676056,0.1111111111111111,1,0,835,-0.4451963953562304,0.5247785648047704,0.1520958083832335,0.6946107784431138,0.1532934131736527,0.0499879399790058,-0.0314726230286768,0.0155463398632008,-0.4951843353352362
2026-06-07,71,US,weather,0.2,0.34285714285714286,-0.026219870664315064,0.1959439065596664,-0.14285714285714285,-0.13580246913580246,0.1111111111111111,1,0,338,-0.2438147913846435,0.6338101970830281,0.2544378698224852,0.5650887573964497,0.1804733727810651,-0.3815744296105102,0.2687924611001534,-0.2393892906713419,0.1377596382258666
2026-06-14,89,SA,World Cup,1.6470588235294117,-1.6029411764705883,1.9656862745098038,1.1583469209993587,3.25,1.0,0.17689075630252105,1,0,47,0.2507786789433436,0.6269699037511484,0.6170212765957447,0.2765957446808511,0.1063829787234042,-0.27276761712502,0.1654846335697399,-0.1607565011820331,0.5235462960683637
2026-06-14,40,SA,artificial intelligence,0.1388888888888889,0.49603174603174605,-0.12325637325637316,0.2492203687087688,-0.35714285714285715,-0.15151515151515152,0.17689075630252105,0,0,42,0.1272855022079533,0.6284288451942145,0.4761904761904761,0.2857142857142857,0.238095238095238,0.020920087482596,-0.0180831826401446,0.0964436407474381,0.1063654147253572
2026-06-14,91,US,World Cup,0.8775510204081632,-3.022448979591837,1.8147392290249433,1.8089644592663667,3.9,0.6666666666666666,0.1111111111111111,1,0,4670,-0.3150419257555308,0.6116937233771624,0.2199143468950749,0.6021413276231263,0.1779443254817987,0.0587668859132691,-0.0348574573100449,0.0352241889363872,-0.3738088116688
2026-06-14,85,US,artificial intelligence,-0.14,-0.2894252873563219,0.007017731444355311,0.14476770886199708,0.14942528735632185,0.011627906976744186,0.1111111111111111,0,0,419,-0.4063668147214024,0.5168418217006778,0.1408114558472553,0.6372315035799523,0.2219570405727923,0.0278867726444411,-0.0333111320789624,0.0109664946069452,-0.4342535873658435
2026-06-14,70,US,electric cars,0.0,-0.16393442622950818,0.049268464657147924,0.09963055995968774,0.16393442622950818,-0.016129032258064516,0.1111111111111111,0,0,85,-0.4653413772802142,0.480229828150821,0.0705882352941176,0.6235294117647059,0.3058823529411765,-0.0220261156630985,-0.0479248072658147,-0.0335410286197064,-0.4433152616171156
2026-06-14,71,US,inflation,-0.25,-0.602112676056338,0.0487434410383872,0.3010829904600842,0.352112676056338,0.04411764705882353,0.1111111111111111,0,0,458,-0.4514752224852294,0.5005067302810848,0.1200873362445414,0.6724890829694323,0.2074235807860262,-0.006278827128999,-0.0221216954736814,-0.032008472138692,-0.4451963953562304
2026-06-14,70,US,weather,-0.013888888888888888,-0.2138888888888889,0.014417989417989462,0.1731724996113736,0.2,-0.14285714285714285,0.1111111111111111,0,0,150,-0.2709743409852186,0.568366953077222,0.2266666666666666,0.5466666666666666,0.2266666666666666,-0.0271595496005751,-0.018422090729783,-0.0277712031558185,-0.2438147913846435
2026-06-21,100,SA,World Cup,0.12222222222222222,-1.5248366013071895,1.6730936819172113,1.564051411296501,1.6470588235294117,3.25,0.17689075630252105,0,0,38,-0.0739811206922719,0.6672352210592915,0.4473684210526316,0.4736842105263157,0.0789473684210526,-0.3247597996356155,0.1970884658454647,-0.1696528555431131,0.2507786789433436
2026-06-21,28,SA,weather,-0.03333333333333333,0.10952380952380952,-0.07674817674817674,0.05818190111016968,-0.14285714285714285,-0.05405405405405406,0.17689075630252105,0,0,40,0.5565390654606744,0.4901162565804897,0.8,0.075,0.125,-0.0433309263989536,-0.0361111111111111,-0.0888888888888888,0.5998699918596281
2026-06-21,67,US,ChatGPT,-0.04225352112676056,0.011079812206572774,-0.031862284820031304,0.028144172666784182,-0.05333333333333334,0.0,0.1111111111111111,0,0,100,-0.4367702488321811,0.4501192680263274,0.09,0.68,0.23,-0.1036061345393286,0.0977215189873418,-0.0872151898734177,-0.3331641142928525
2026-06-21,88,US,World Cup,-0.03260869565217391,-0.9101597160603372,1.5816474415853297,2.0586807950762167,0.8775510204081632,3.9,0.1111111111111111,0,1,5636,-0.3309674262808804,0.6121693811120792,0.2219659332860184,0.6128459900638751,0.1651880766501064,-0.0159255005253495,0.0107046624407487,0.0020515863909435,-0.3150419257555308
2026-06-21,89,US,artificial intelligence,0.046511627906976744,0.18651162790697676,0.01864563842109949,0.14671105707424592,-0.14,0.14942528735632185,0.1111111111111111,0,0,832,-0.2192566763506665,0.5159160350353386,0.1862980769230769,0.4507211538461538,0.3629807692307692,0.1871101383707359,-0.1865103497337984,0.0454866210758215,-0.4063668147214024
2026-06-21,37,US,bitcoin,0.08571428571428572,0.18827838827838828,-0.06235419426908781,0.13261708595865926,-0.10256410256410256,-0.1702127659574468,0.1111111111111111,0,0,21,-0.2270294293938648,0.6968482811485729,0.238095238095238,0.5714285714285714,0.1904761904761904,0.2590878051996615,-0.1453344343517754,0.0878062207541976,-0.4861172345935264
2026-06-21,67,US,electric cars,-0.04225352112676056,-0.04225352112676056,0.0405603017009159,0.10891382356845186,0.0,0.16393442622950818,0.1111111111111111,0,0,860,-0.578571342044445,0.3899639214952037,0.0441860465116279,0.7534883720930232,0.2023255813953488,-0.1132299647642308,0.1299589603283173,-0.0264021887824897,-0.4653413772802142
2026-06-21,76,US,inflation,0.06944444444444445,0.3194444444444444,0.05718570683359417,0.3012434665727871,-0.25,0.352112676056338,0.1111111111111111,0,0,236,-0.4719181418245248,0.4879345021952644,0.1101694915254237,0.7033898305084746,0.1864406779661017,-0.0204429193392953,0.0309007475390422,-0.0099178447191177,-0.4514752224852294
2026-06-21,69,US,weather,-0.014084507042253521,-0.00019561815336463333,0.0573422013562859,0.12354531639045818,-0.013888888888888888,0.2,0.1111111111111111,0,1,1206,-0.3268617734839679,0.5469716422693489,0.1890547263681592,0.5804311774461028,0.2305140961857379,-0.0558874324987492,0.0337645107794362,-0.0376119402985074,-0.2709743409852186
2026-06-28,45,SA,artificial intelligence,0.5862068965517241,0.8788898233809923,0.14413761953711496,0.4394684201290591,-0.2926829268292683,0.1388888888888889,0.17689075630252105,1,0,50,0.1130315746366977,0.6188176994577396,0.48,0.26,0.26,-0.0142539275712555,-0.0257142857142856,0.0038095238095238,0.1272855022079533
2026-06-28,64,US,ChatGPT,-0.04411764705882353,-0.0018641259320629697,-0.046568167172972484,0.005932482301325924,-0.04225352112676056,-0.05333333333333334,0.1111111111111111,0,0,21,-0.3441250264378531,0.597276182580876,0.1904761904761904,0.5714285714285714,0.238095238095238,0.0926452223943279,-0.1085714285714286,0.1004761904761904,-0.4367702488321811
2026-06-28,100,US,World Cup,0.1348314606741573,0.16744015632633122,0.3265912618100489,0.48443425063007,-0.03260869565217391,0.8775510204081632,0.1111111111111111,1,0,3342,-0.3747065864566921,0.5911467006832356,0.1912028725314183,0.6448234590065829,0.1639736684619988,-0.0437391601758117,0.0319774689427078,-0.0307630607546001,-0.3309674262808804
2026-06-28,80,US,artificial intelligence,-0.1,-0.14651162790697675,-0.0644961240310078,0.09819389361230053,0.046511627906976744,-0.14,0.1111111111111111,0,0,941,-0.4411381154848652,0.4760927594819223,0.0935175345377258,0.6482465462274176,0.2582359192348565,-0.2218814391341987,0.1975253923812637,-0.0927805423853511,-0.2192566763506665
2026-06-28,35,US,bitcoin,-0.05263157894736842,-0.13834586466165413,-0.023160465265728347,0.09753767364154152,0.08571428571428572,-0.10256410256410256,0.1111111111111111,0,0,556,-0.4591997729617727,0.5398788827621908,0.14568345323741,0.7032374100719424,0.1510791366906475,-0.2321703435679078,0.131808838643371,-0.092411784857828,-0.2270294293938648
2026-06-28,46,US,electric cars,-0.3088235294117647,-0.26657000828500416,-0.11702568351284172,0.1674399900875017,-0.04225352112676056,0.0,0.1111111111111111,0,0,40,-0.4994220415595919,0.4702019354199347,0.125,0.65,0.225,0.0791493004848531,-0.1034883720930232,0.080813953488372,-0.578571342044445
2026-06-28,65,US,inflation,-0.14285714285714285,-0.2123015873015873,-0.10780423280423279,0.162581420060805,0.06944444444444445,-0.25,0.1111111111111111,0,0,122,-0.3735123579848374,0.5300894271415529,0.180327868852459,0.6229508196721312,0.1967213114754098,0.0984057838396873,-0.0804390108363434,0.0701583773270353,-0.4719181418245248
2026-06-28,78,US,weather,0.12857142857142856,0.1426559356136821,0.033532677546762084,0.08230603084745343,-0.014084507042253521,-0.013888888888888888,0.1111111111111111,1,0,1871,-0.1595127878104347,0.5934038400691539,0.273650454302512,0.4740780331373597,0.2522715125601282,0.1673489856735332,-0.1063531443087431,0.0845957279343528,-0.3268617734839679
2026-07-05,68,US,ChatGPT,0.06153846153846154,0.10565610859728508,-0.008277568882374187,0.06046963964804887,-0.04411764705882353,-0.04225352112676056,0.1111111111111111,0,0,107,-0.3596248094549524,0.5250645751783007,0.1869158878504672,0.5794392523364486,0.2336448598130841,-0.0154997830170993,0.0080106809078771,-0.0035603026257231,-0.3441250264378531
2026-07-05,87,US,World Cup,-0.12871287128712872,-0.263544331961286,-0.008830035421715112,0.1333715570839543,0.1348314606741573,-0.03260869565217391,0.1111111111111111,0,0,7905,-0.4428627330002803,0.5665577652637449,0.166729917773561,0.6956356736242885,0.1376344086021505,-0.0681561465435882,0.0508122146177055,-0.0244729547578572,-0.3747065864566921
2026-07-05,76,US,artificial intelligence,-0.04938271604938271,0.05061728395061729,-0.03429036271413536,0.07441269128908758,-0.1,0.046511627906976744,0.1111111111111111,0,0,1783,-0.4758437707726658,0.4741895749335972,0.1060011217049915,0.6915311273135165,0.2024677509814918,-0.0347056552878005,0.0432845810860988,0.0124835871672657,-0.4411381154848652
2026-07-05,69,US,weather,-0.11392405063291139,-0.24249547920433995,0.0001876236320879169,0.12187610366320699,0.12857142857142856,-0.014084507042253521,0.1111111111111111,0,0,1465,-0.1271648519287845,0.5841212624903924,0.3003412969283277,0.4348122866894198,0.2648464163822525,0.0323479358816501,-0.0392657464479399,0.0266908426258156,-0.1595127878104347
2026-07-12,55,SA,artificial intelligence,0.05660377358490566,-0.09557013945857261,0.26499486106003606,0.2822521774895065,0.15217391304347827,0.5862068965517241,0.17689075630252105,0,0,189,0.2919217782568127,0.650053598309902,0.6031746031746031,0.238095238095238,0.1587301587301587,0.1788902036201149,-0.0219047619047619,0.1231746031746031,0.1130315746366977
2026-07-12,34,SA,weather,0.20689655172413793,0.24022988505747125,0.06934865900383141,0.12385201926422748,-0.03333333333333333,0.034482758620689655,0.17689075630252105,1,0,30,0.5134430593810976,0.4665991289688784,0.8,0.1,0.1,-0.0430960060795768,0.025,0.0,0.5565390654606744
2026-07-12,67,US,ChatGPT,-0.014492753623188406,-0.07603121516164994,0.0009760202854831966,0.054500142620533286,0.06153846153846154,-0.04411764705882353,0.1111111111111111,0,0,60,-0.3478734304197132,0.5732843788343993,0.2333333333333333,0.5666666666666667,0.2,0.0117513790352392,-0.0127725856697819,0.046417445482866,-0.3596248094549524
2026-07-12,50,US,World Cup,-0.42045454545454547,-0.29174167416741675,-0.13811198535583896,0.27776229884480474,-0.12871287128712872,0.1348314606741573,0.1111111111111111,0,0,3852,-0.3948018780771908,0.569934066716862,0.1786085150571132,0.6560228452751817,0.1653686396677051,0.0480608549230895,-0.0396128283491067,0.0118785972835521,-0.4428627330002803
2026-07-12,56,US,artificial intelligence,-0.2597402597402597,-0.210357543690877,-0.13637432526321416,0.10979477537970703,-0.04938271604938271,-0.1,0.1111111111111111,0,0,485,-0.4885287658705078,0.4743530393446485,0.0865979381443299,0.7051546391752578,0.2082474226804123,-0.012684995097842,0.0136235118617412,-0.0194031835606616,-0.4758437707726658
2026-07-12,31,US,electric cars,-0.2558139534883721,-0.1707075705096487,-0.2165812886262867,0.11690484120074443,-0.0851063829787234,-0.3088235294117647,0.1111111111111111,0,1,32,-0.5110169539402705,0.4869261863538651,0.0625,0.6875,0.25,-0.0115949123806785,0.0374999999999999,-0.0625,-0.4994220415595919
2026-07-12,51,US,inflation,-0.16129032258064516,-0.10068426197458455,-0.12158450868128286,0.05360712523467945,-0.06060606060606061,-0.14285714285714285,0.1111111111111111,0,0,64,-0.3244963164033834,0.5482551265028319,0.21875,0.59375,0.1875,0.049016041581454,-0.0292008196721311,0.0384221311475409,-0.3735123579848374
2026-07-12,68,US,weather,-0.014285714285714285,0.0996383363471971,0.00012055455093432667,0.12188793949764272,-0.11392405063291139,0.12857142857142856,0.1111111111111111,0,0,447,-0.1838115420342491,0.6141147982239987,0.2885906040268456,0.5078299776286354,0.203579418344519,-0.0566466901054646,0.0730176909392155,-0.011750692901482,-0.1271648519287845
2026-07-19,13,SA,World Cup,-0.6888888888888889,-0.33174603174603173,-0.43378363165597206,0.22671796596023286,-0.35714285714285715,-0.2553191489361702,0.17689075630252105,0,0,35,-0.2881256152742675,0.5171579553368454,0.1714285714285714,0.5142857142857142,0.3142857142857143,-0.2141444945819956,0.0406015037593984,-0.2759398496240601,-0.0739811206922719
2026-07-19,40,SA,artificial intelligence,-0.26785714285714285,-0.3244609164420485,-0.019693152076252902,0.22016456942309293,0.05660377358490566,0.15217391304347827,0.17689075630252105,0,0,149,0.2142903656392489,0.5737134088944427,0.4899328859060403,0.2013422818791946,0.3087248322147651,-0.0776314126175638,-0.0367529562160434,-0.1132417172685628,0.2919217782568127
2026-07-19,35,SA,weather,0.02857142857142857,-0.17832512315270935,0.06737821565407771,0.12472800191392368,0.20689655172413793,-0.03333333333333333,0.17689075630252105,0,0,23,0.3763438606553752,0.5141411299257487,0.6956521739130435,0.0869565217391304,0.217391304347826,-0.1370991987257224,-0.0130434782608695,-0.1043478260869565,0.5134430593810976
2026-07-19,68,US,ChatGPT,0.014705882352941176,0.02919863597612958,0.0205838634227381,0.03835491384206067,-0.014492753623188406,0.06153846153846154,0.1111111111111111,0,0,404,-0.297932760232119,0.5201290867391855,0.1485148514851485,0.5371287128712872,0.3143564356435643,0.0499406701875942,-0.0295379537953794,-0.0848184818481848,-0.3478734304197132
2026-07-19,16,US,World Cup,-0.6666666666666666,-0.24621212121212116,-0.40527802780278027,0.26929782120700496,-0.42045454545454547,-0.12871287128712872,0.1111111111111111,0,0,2320,-0.3575810527918732,0.6069717066829824,0.2099137931034482,0.6323275862068966,0.1577586206896551,0.0372208252853176,-0.0236952590682851,0.031305278046335,-0.3948018780771908
2026-07-19,47,US,artificial intelligence,-0.15789473684210525,0.10184552289815446,-0.15567257087724926,0.10519637618804302,-0.2597402597402597,-0.04938271604938271,0.1111111111111111,0,0,260,-0.4011600140016526,0.5474545398760017,0.1769230769230769,0.6461538461538462,0.1769230769230769,0.0873687518688552,-0.0590007930214115,0.090325138778747,-0.4885287658705078
2026-07-19,38,US,inflation,-0.25,-0.08870967741935484,-0.15729879439556857,0.09476004059057765,-0.16129032258064516,-0.06060606060606061,0.1111111111111111,0,0,214,-0.4287558319830449,0.5832158761322187,0.1915887850467289,0.6682242990654206,0.1401869158878504,-0.1042595155796615,0.0744742990654205,-0.027161214953271,-0.3244963164033834
2026-07-19,64,US,weather,-0.057971014492753624,-0.04368530020703934,-0.062060259803793066,0.04994487924622225,-0.014285714285714285,-0.11392405063291139,0.1111111111111111,0,0,397,-0.2370742766552555,0.5828665096554478,0.2544080604534005,0.5289672544080605,0.216624685138539,-0.0532627346210063,0.0211372767794251,-0.0341825435734451,-0.1838115420342491
2026-07-26,39,SA,artificial intelligence,-0.024390243902439025,0.24346689895470383,-0.07854787105822533,0.1688742372564931,-0.26785714285714285,0.05660377358490566,0.17689075630252105,0,0,62,0.2119111494882212,0.4995454110694792,0.3870967741935484,0.1129032258064516,0.5,-0.0023792161510276,-0.088439056072743,-0.1028361117124919,0.2142903656392489
2026-07-26,66,US,ChatGPT,-0.028985507246376812,-0.04369138959931799,-0.009590792838874686,0.0222543545385617,0.014705882352941176,-0.014492753623188406,0.1111111111111111,0,0,780,-0.4564436522825884,0.4900969176273279,0.1025641025641025,0.6730769230769231,0.2243589743589743,-0.1585108920504693,0.1359482102056359,-0.0459507489210459,-0.297932760232119
2026-07-26,2,US,World Cup,-0.8235294117647058,-0.1568627450980392,-0.636883541295306,0.203181231614549,-0.6666666666666666,-0.42045454545454547,0.1111111111111111,0,0,1391,-0.5006673599383777,0.5222178674032126,0.1337167505391804,0.7419122933141624,0.124370956146657,-0.1430863071465045,0.1095847071072658,-0.0761970425642678,-0.3575810527918732
2026-07-26,33,US,artificial intelligence,-0.2916666666666667,-0.13377192982456143,-0.23643388774967722,0.06986503083638698,-0.15789473684210525,-0.2597402597402597,0.1111111111111111,0,0,1811,-0.4664109759408135,0.4757112167424723,0.0999447818884594,0.6874654886802871,0.2125897294312534,-0.0652509619391609,0.0413116425264409,-0.0769782950346175,-0.4011600140016526
2026-07-26,34,US,inflation,-0.10256410256410256,0.14743589743589744,-0.17128480838158255,0.07422434420728082,-0.25,-0.16129032258064516,0.1111111111111111,0,0,138,-0.4486982711199401,0.5379550063026377,0.1594202898550724,0.6739130434782609,0.1666666666666666,-0.0199424391368951,0.0056887444128402,-0.0321684951916565,-0.4287558319830449
2026-07-26,68,US,weather,0.06153846153846154,0.11950947603121517,-0.0035727557466687537,0.060470689807611985,-0.057971014492753624,-0.014285714285714285,0.1111111111111111,0,0,292,-0.2789267964233733,0.5720681120708181,0.2294520547945205,0.5684931506849316,0.2020547945205479,-0.0418525197681178,0.039525896276871,-0.0249560056588799,-0.2370742766552555
