region,topic,week,n_comments,sent_mean,sent_std,prop_pos,prop_neg,prop_neu,sent_mean_delta,prop_neg_delta,prop_pos_delta,sent_mean_lag1
SA,Ramadan,2025-02-03,22,0.24578579752282662,0.5346923111678603,0.5,0.13636363636363635,0.36363636363636365,,,,
SA,Ramadan,2025-02-10,38,0.4915989689332874,0.3377373771928531,0.7368421052631579,0.02631578947368421,0.23684210526315788,0.2458131714104608,-0.11004784688995214,0.23684210526315785,0.24578579752282662
SA,Ramadan,2025-02-17,672,-0.22185133864487788,0.6193451630107675,0.3080357142857143,0.5505952380952381,0.14136904761904762,-0.7134503075781653,0.524279448621554,-0.42880639097744355,0.4915989689332874
SA,Ramadan,2025-02-24,419,0.3759952114677159,0.575194286334499,0.6730310262529833,0.16706443914081145,0.15990453460620524,0.5978465501125938,-0.38353079895442665,0.364995311967269,-0.22185133864487788
SA,Ramadan,2025-03-03,670,0.2009561210259128,0.6136705839191476,0.5582089552238806,0.2656716417910448,0.1761194029850746,-0.17503909044180313,0.09860720265023334,-0.11482207102910269,0.3759952114677159
SA,Ramadan,2025-03-10,306,0.08764729157297149,0.6260936823283899,0.4869281045751634,0.3431372549019608,0.16993464052287582,-0.1133088294529413,0.07746561311091599,-0.0712808506487172,0.2009561210259128
SA,Ramadan,2025-03-17,297,0.3242742227678899,0.6180611774186189,0.6498316498316499,0.23232323232323232,0.11784511784511785,0.23662693119491843,-0.11081402257872847,0.16290354525648648,0.08764729157297149
SA,Ramadan,2025-03-24,587,0.40731965102337847,0.5531288014244325,0.7257240204429302,0.15502555366269166,0.11925042589437819,0.08304542825548855,-0.07729767866054066,0.07589237061128029,0.3242742227678899
SA,Ramadan,2025-03-31,68,0.2585410404101233,0.657356012457382,0.6323529411764706,0.25,0.11764705882352941,-0.14877861061325515,0.09497444633730834,-0.0933710792664596,0.40731965102337847
SA,Ramadan,2025-04-07,25,-0.01853424984961748,0.6123431119942486,0.36,0.24,0.4,-0.2770752902597408,-0.010000000000000009,-0.2723529411764706,0.2585410404101233
SA,Ramadan,2025-05-05,46,0.3510707331537876,0.5745102565814898,0.6521739130434783,0.1956521739130435,0.15217391304347827,0.3696049830034051,-0.044347826086956504,0.2921739130434783,-0.01853424984961748
SA,Ramadan,2025-07-07,20,-0.04591806540265679,0.5378862845778823,0.3,0.4,0.3,-0.3969887985564444,0.20434782608695654,-0.3521739130434783,0.3510707331537876
SA,Ramadan,2025-10-06,594,0.5237336617875656,0.5076405770098202,0.7912457912457912,0.12121212121212122,0.08754208754208755,0.5696517271902224,-0.2787878787878788,0.4912457912457912,-0.04591806540265679
SA,Ramadan,2025-10-13,87,0.45277024430875806,0.5991712555481398,0.7586206896551724,0.19540229885057472,0.04597701149425287,-0.07096341747880758,0.07419017763845351,-0.03262510159061882,0.5237336617875656
SA,Ramadan,2025-10-20,32,0.32916471135104075,0.5439475218044348,0.65625,0.15625,0.1875,-0.12360553295771731,-0.039152298850574724,-0.10237068965517238,0.45277024430875806
SA,Ramadan,2026-01-19,60,0.28748665885068475,0.633374662272875,0.65,0.25,0.1,-0.041678052500356,0.09375,-0.006249999999999978,0.32916471135104075
SA,Ramadan,2026-01-26,85,0.15114670751945064,0.6211605370236825,0.5058823529411764,0.25882352941176473,0.23529411764705882,-0.1363399513312341,0.00882352941176473,-0.14411764705882357,0.28748665885068475
SA,Ramadan,2026-02-09,79,0.3938182248745727,0.4990435698672937,0.6835443037974683,0.12658227848101267,0.189873417721519,0.24267151735512205,-0.13224125093075206,0.17766195085629188,0.15114670751945064
SA,Ramadan,2026-02-16,1434,0.40589295896783345,0.5368794369932067,0.7168758716875872,0.15202231520223153,0.13110181311018132,0.012074734093260764,0.02544003672121886,0.03333156789011882,0.3938182248745727
SA,Ramadan,2026-02-23,530,0.5225419766796788,0.4637585628787434,0.8358490566037736,0.1018867924528302,0.062264150943396226,0.11664901771184538,-0.050135522749401334,0.11897318491618647,0.40589295896783345
SA,Ramadan,2026-03-02,196,0.5030133140520477,0.4488663154659816,0.8571428571428571,0.09693877551020408,0.04591836734693878,-0.019528662627631088,-0.004948016942626116,0.021293800539083474,0.5225419766796788
SA,Ramadan,2026-03-09,355,0.5219391629493363,0.41462807228445714,0.8647887323943662,0.07605633802816901,0.059154929577464786,0.018925848897288544,-0.02088243748203507,0.00764587525150906,0.5030133140520477
SA,Ramadan,2026-03-16,2027,0.3791774380405364,0.5654088386159317,0.7488899851998027,0.19042920572274297,0.060680809077454365,-0.1427617249087999,0.11437286769457396,-0.1158987471945635,0.5219391629493363
SA,Ramadan,2026-03-23,76,0.12737817013342131,0.6366950828997817,0.5131578947368421,0.35526315789473684,0.13157894736842105,-0.25179926790711504,0.16483395217199387,-0.2357320904629605,0.3791774380405364
SA,Ramadan,2026-04-13,20,0.05759389465674758,0.5657865121188109,0.4,0.3,0.3,-0.06978427547667373,-0.05526315789473685,-0.11315789473684212,0.12737817013342131
SA,Ramadan,2026-05-04,40,0.448075153445825,0.14476200075386716,0.7,0.0,0.3,0.3904812587890774,-0.3,0.29999999999999993,0.05759389465674758
SA,Ramadan,2026-05-11,25,0.4393585147708655,0.19258956941006555,0.68,0.04,0.28,-0.008716638674959476,0.04,-0.019999999999999907,0.448075153445825
SA,World Cup,2024-06-17,24,0.23377163708209991,0.6433631352076227,0.5416666666666666,0.20833333333333334,0.25,,,,
SA,World Cup,2024-06-24,76,0.39758900479462583,0.5965120125744127,0.6578947368421053,0.19736842105263158,0.14473684210526316,0.16381736771252592,-0.01096491228070176,0.11622807017543868,0.23377163708209991
SA,World Cup,2024-07-01,146,0.1288993083297798,0.6663212268643287,0.5,0.3287671232876712,0.17123287671232876,-0.26868969646484603,0.13139870223503963,-0.1578947368421053,0.39758900479462583
SA,World Cup,2024-07-08,1006,0.0896701003724772,0.6600094951034545,0.4721669980119284,0.33399602385685884,0.19383697813121273,-0.0392292079573026,0.005228900569187622,-0.027833001988071593,0.1288993083297798
SA,World Cup,2024-07-15,42,0.339028061855407,0.6190080903784193,0.6428571428571429,0.23809523809523808,0.11904761904761904,0.24935796148292982,-0.09590078576162075,0.1706901448452145,0.0896701003724772
SA,World Cup,2024-07-29,129,0.1991268743060587,0.6322975969104592,0.5348837209302325,0.24806201550387597,0.21705426356589147,-0.13990118754934833,0.009966777408637884,-0.1079734219269104,0.339028061855407
SA,World Cup,2024-08-05,27,0.6682941810814319,0.3674337286153196,0.8518518518518519,0.037037037037037035,0.1111111111111111,0.4691673067753732,-0.21102497846683893,0.31696813092161935,0.1991268743060587
SA,World Cup,2024-08-19,59,0.46247434174105273,0.4742472170063049,0.7457627118644068,0.1016949152542373,0.15254237288135594,-0.20581983934037917,0.06465787821720026,-0.10608913998744507,0.6682941810814319
SA,World Cup,2024-08-26,74,0.5263606661024529,0.5592869395525217,0.7972972972972973,0.16216216216216217,0.04054054054054054,0.06388632436140018,0.060467246907924876,0.05153458543289047,0.46247434174105273
SA,World Cup,2024-09-02,82,0.09209618920732926,0.6129576292396408,0.45121951219512196,0.3170731707317073,0.23170731707317074,-0.43426447689512365,0.15491100856954515,-0.3460777851021753,0.5263606661024529
SA,World Cup,2024-09-09,595,0.5265768643781668,0.4712241559433171,0.7361344537815127,0.08235294117647059,0.1815126050420168,0.4344806751708375,-0.23472022955523675,0.2849149415863907,0.09209618920732926
SA,World Cup,2024-09-16,37,0.19334290602017898,0.6578226571812625,0.5135135135135135,0.24324324324324326,0.24324324324324326,-0.33323395835798775,0.16089030206677268,-0.22262094026799917,0.5265768643781668
SA,World Cup,2024-09-30,44,0.5282440436368977,0.5862683751969037,0.7954545454545454,0.13636363636363635,0.06818181818181818,0.3349011376167187,-0.1068796068796069,0.2819410319410319,0.19334290602017898
SA,World Cup,2024-10-07,52,0.2709059775269662,0.6731124450955347,0.6153846153846154,0.3076923076923077,0.07692307692307693,-0.2573380661099315,0.17132867132867136,-0.18006993006993,0.5282440436368977
SA,World Cup,2024-10-14,138,-0.046473077275668795,0.6242225687672038,0.39855072463768115,0.4420289855072464,0.15942028985507245,-0.317379054802635,0.1343366778149387,-0.21683389074693427,0.2709059775269662
SA,World Cup,2024-10-21,50,-0.05616811821237207,0.7038579836856032,0.44,0.5,0.06,-0.009695040936703272,0.0579710144927536,0.04144927536231885,-0.046473077275668795
SA,World Cup,2024-10-28,102,0.09748893176369808,0.6397782563875597,0.49019607843137253,0.37254901960784315,0.13725490196078433,0.15365704997607016,-0.12745098039215685,0.050196078431372526,-0.05616811821237207
SA,World Cup,2024-11-18,123,0.1877211208220541,0.6541257353501102,0.5691056910569106,0.3333333333333333,0.0975609756097561,0.09023218905835603,-0.03921568627450983,0.07890961262553803,0.09748893176369808
SA,World Cup,2024-11-25,43,0.22995928386876055,0.6454069855619452,0.5813953488372093,0.32558139534883723,0.09302325581395349,0.04223816304670644,-0.007751937984496082,0.01228965778029878,0.1877211208220541
SA,World Cup,2024-12-09,346,0.4143783449992064,0.5492537457174204,0.7052023121387283,0.15606936416184972,0.13872832369942195,0.18441906113044584,-0.16951203118698752,0.12380696330151897,0.22995928386876055
SA,World Cup,2024-12-16,51,0.25110482862767053,0.6379575618975638,0.5098039215686274,0.23529411764705882,0.2549019607843137,-0.16327351637153587,0.0792247534852091,-0.1953983905701009,0.4143783449992064
SA,World Cup,2024-12-30,149,-0.052017757669091225,0.6110659195642221,0.37583892617449666,0.4161073825503356,0.2080536912751678,-0.30312258629676175,0.18081326490327676,-0.13396499539413076,0.25110482862767053
SA,World Cup,2025-01-06,22,-0.042399301870980045,0.5594326090645091,0.3181818181818182,0.3181818181818182,0.36363636363636365,0.00961845579811118,-0.0979255643685174,-0.05765710799267848,-0.052017757669091225
SA,World Cup,2025-02-24,20,0.61686301487498,0.30487878735581725,0.9,0.0,0.1,0.65926231674596,-0.3181818181818182,0.5818181818181818,-0.042399301870980045
SA,World Cup,2025-03-03,105,0.009451944647090775,0.60806973550025,0.3904761904761905,0.37142857142857144,0.23809523809523808,-0.6074110702278892,0.37142857142857144,-0.5095238095238095,0.61686301487498
SA,World Cup,2025-03-10,28,-0.11209762309278762,0.5939169552590751,0.32142857142857145,0.4642857142857143,0.21428571428571427,-0.12154956773987839,0.09285714285714286,-0.06904761904761902,0.009451944647090775
SA,World Cup,2025-03-24,48,0.025596821738872677,0.6325609700760616,0.4583333333333333,0.375,0.16666666666666666,0.1376944448316603,-0.0892857142857143,0.13690476190476186,-0.11209762309278762
SA,World Cup,2025-04-14,41,0.11836758767050214,0.5791447668756463,0.3902439024390244,0.2926829268292683,0.3170731707317073,0.09277076593162946,-0.08231707317073172,-0.06808943089430891,0.025596821738872677
SA,World Cup,2025-04-21,58,0.25929021649062634,0.5034575024833217,0.5,0.15517241379310345,0.3448275862068966,0.14092262882012419,-0.13751051303616482,0.1097560975609756,0.11836758767050214
SA,World Cup,2025-05-05,139,0.22908753109090835,0.6356205486447764,0.5683453237410072,0.302158273381295,0.12949640287769784,-0.030202685399717988,0.14698585958819152,0.06834532374100721,0.25929021649062634
SA,World Cup,2025-05-19,29,0.4859846505689724,0.5257545324829989,0.7586206896551724,0.10344827586206896,0.13793103448275862,0.25689711947806404,-0.19870999751922602,0.19027536591416516,0.22908753109090835
SA,World Cup,2025-05-26,59,0.14543381143929596,0.6485976209581613,0.5084745762711864,0.3050847457627119,0.1864406779661017,-0.34055083912967643,0.20163646990064293,-0.25014611338398596,0.4859846505689724
SA,World Cup,2025-06-09,167,0.12990772473754106,0.6518267633934458,0.5209580838323353,0.33532934131736525,0.1437125748502994,-0.015526086701754899,0.030244595554653364,0.01248350756114891,0.14543381143929596
SA,World Cup,2025-06-16,435,-0.033780736374486794,0.644916987348061,0.40229885057471265,0.4459770114942529,0.15172413793103448,-0.16368846111202784,0.11064767017688765,-0.11865923325762268,0.12990772473754106
SA,World Cup,2025-06-23,295,0.15492748241177048,0.6199053956218532,0.511864406779661,0.3050847457627119,0.18305084745762712,0.18870821878625726,-0.140892265731541,0.1095655562049484,-0.033780736374486794
SA,World Cup,2025-06-30,638,0.33203489124208546,0.6067499494777958,0.6347962382445141,0.22570532915360503,0.13949843260188088,0.17710740883031498,-0.07937941660910686,0.12293183146485309,0.15492748241177048
SA,World Cup,2025-07-07,275,0.09060875346037474,0.6375583585587886,0.4254545454545455,0.3490909090909091,0.22545454545454546,-0.24142613778171074,0.12338557993730409,-0.20934169278996867,0.33203489124208546
SA,World Cup,2025-07-14,148,0.08615274520943293,0.6351652742801903,0.46621621621621623,0.34459459459459457,0.1891891891891892,-0.004456008250941806,-0.004496314496314546,0.040761670761670754,0.09060875346037474
SA,World Cup,2025-08-18,42,0.526618745421902,0.4848719433493687,0.8095238095238095,0.09523809523809523,0.09523809523809523,0.44046600021246907,-0.24935649935649934,0.3433075933075933,0.08615274520943293
SA,World Cup,2025-08-25,210,0.10466420366207049,0.6775816447562871,0.4857142857142857,0.3619047619047619,0.1523809523809524,-0.4219545417598315,0.26666666666666666,-0.3238095238095238,0.526618745421902
SA,World Cup,2025-09-01,27,0.07412807581325372,0.6427737361824785,0.4444444444444444,0.25925925925925924,0.2962962962962963,-0.030536127848816777,-0.10264550264550265,-0.04126984126984129,0.10466420366207049
SA,World Cup,2025-09-08,31,0.6480687515089109,0.4212707294496157,0.8387096774193549,0.06451612903225806,0.0967741935483871,0.5739406756956571,-0.19474313022700118,0.39426523297491045,0.07412807581325372
SA,World Cup,2025-10-06,38,0.2827939473239607,0.6444416189444275,0.631578947368421,0.2631578947368421,0.10526315789473684,-0.3652748041849502,0.19864176570458403,-0.20713073005093385,0.6480687515089109
SA,World Cup,2025-10-13,65,0.46657409156457735,0.5485232399076891,0.7538461538461538,0.15384615384615385,0.09230769230769231,0.18378014424061667,-0.10931174089068824,0.12226720647773281,0.2827939473239607
SA,World Cup,2025-10-20,21,0.4797783646555174,0.44104771281857874,0.6666666666666666,0.09523809523809523,0.23809523809523808,0.013204273090940022,-0.05860805860805862,-0.0871794871794872,0.46657409156457735
SA,World Cup,2025-11-10,48,-0.024152230257944513,0.5461995529927216,0.3333333333333333,0.3541666666666667,0.3125,-0.5039305949134619,0.25892857142857145,-0.3333333333333333,0.4797783646555174
SA,World Cup,2025-12-15,24,-0.23355437295200923,0.574741493594876,0.3333333333333333,0.625,0.041666666666666664,-0.2094021426940647,0.2708333333333333,0.0,-0.024152230257944513
SA,World Cup,2026-01-12,27,-0.01979178893897269,0.6785625974918978,0.4074074074074074,0.4074074074074074,0.18518518518518517,0.21376258401303655,-0.21759259259259262,0.07407407407407407,-0.23355437295200923
SA,World Cup,2026-04-20,28,0.18705788627266884,0.6032497956138979,0.5714285714285714,0.25,0.17857142857142858,0.20684967521164152,-0.15740740740740738,0.164021164021164,-0.01979178893897269
SA,World Cup,2026-04-27,81,-0.011082226904913967,0.6247000418504309,0.3333333333333333,0.38271604938271603,0.2839506172839506,-0.19814011317758282,0.13271604938271603,-0.23809523809523808,0.18705788627266884
SA,World Cup,2026-05-04,33,0.2664838613603603,0.6747973354341685,0.6060606060606061,0.2727272727272727,0.12121212121212122,0.27756608826527424,-0.10998877665544332,0.27272727272727276,-0.011082226904913967
SA,World Cup,2026-05-18,57,0.23561708140595441,0.5671354728877094,0.49122807017543857,0.17543859649122806,0.3333333333333333,-0.03086677995440587,-0.09728867623604465,-0.11483253588516751,0.2664838613603603
SA,World Cup,2026-06-08,45,0.5235462960683637,0.545223931450554,0.7777777777777778,0.1111111111111111,0.1111111111111111,0.2879292146624093,-0.06432748538011696,0.2865497076023392,0.23561708140595441
SA,World Cup,2026-06-15,47,0.2507786789433436,0.6269699037511484,0.6170212765957447,0.2765957446808511,0.10638297872340426,-0.27276761712502007,0.16548463356973997,-0.1607565011820331,0.5235462960683637
SA,World Cup,2026-06-22,38,-0.07398112069227193,0.6672352210592915,0.4473684210526316,0.47368421052631576,0.07894736842105263,-0.3247597996356155,0.1970884658454647,-0.1696528555431131,0.2507786789433436
SA,World Cup,2026-07-20,35,-0.28812561527426755,0.5171579553368454,0.17142857142857143,0.5142857142857142,0.3142857142857143,-0.21414449458199564,0.04060150375939847,-0.27593984962406015,-0.07398112069227193
SA,artificial intelligence,2024-07-15,78,0.13287402925869593,0.5149845189098518,0.34615384615384615,0.16666666666666666,0.48717948717948717,,,,
SA,artificial intelligence,2024-07-22,146,0.2527386536311409,0.5090013170695578,0.4246575342465753,0.14383561643835616,0.4315068493150685,0.11986462437244497,-0.0228310502283105,0.07850368809272917,0.13287402925869593
SA,artificial intelligence,2024-07-29,67,0.23916290409918597,0.5041814825745096,0.44776119402985076,0.14925373134328357,0.40298507462686567,-0.013575749531954923,0.0054181149049274124,0.023103659783275443,0.2527386536311409
SA,artificial intelligence,2024-08-05,26,-0.045523262224518336,0.43018173030044976,0.11538461538461539,0.2692307692307692,0.6153846153846154,-0.2846861663237043,0.11997703788748565,-0.3323765786452354,0.23916290409918597
SA,artificial intelligence,2024-08-12,27,0.03584167623409517,0.5329414731344209,0.2962962962962963,0.2222222222222222,0.48148148148148145,0.0813649384586135,-0.04700854700854701,0.1809116809116809,-0.045523262224518336
SA,artificial intelligence,2024-08-19,21,-0.10729475873744204,0.4259473485603168,0.09523809523809523,0.19047619047619047,0.7142857142857143,-0.14313643497153722,-0.031746031746031744,-0.20105820105820105,0.03584167623409517
SA,artificial intelligence,2024-08-26,166,0.04809137820322291,0.5445442294214256,0.3493975903614458,0.27710843373493976,0.37349397590361444,0.15538613694066494,0.0866322432587493,0.25415949512335057,-0.10729475873744204
SA,artificial intelligence,2024-09-02,82,-0.054827868836227714,0.5371078475657572,0.2926829268292683,0.3902439024390244,0.3170731707317073,-0.10291924703945063,0.11313546870408464,-0.05671466353217752,0.04809137820322291
SA,artificial intelligence,2024-09-09,627,0.13789999847295895,0.5805527873205457,0.42424242424242425,0.23763955342902712,0.33811802232854865,0.19272786730918667,-0.15260434900999728,0.13155949741315598,-0.054827868836227714
SA,artificial intelligence,2024-09-16,45,0.09545124702983432,0.5950109686085361,0.35555555555555557,0.28888888888888886,0.35555555555555557,-0.04244875144312463,0.05124933545986174,-0.06868686868686869,0.13789999847295895
SA,artificial intelligence,2024-09-23,97,0.2286400444152736,0.483919107657954,0.3917525773195876,0.14432989690721648,0.4639175257731959,0.1331887973854393,-0.14455899198167238,0.036197021764032056,0.09545124702983432
SA,artificial intelligence,2024-09-30,162,0.24842714604542213,0.5350042806023642,0.47530864197530864,0.1419753086419753,0.38271604938271603,0.019787101630148518,-0.002354588265241181,0.08355606465572102,0.2286400444152736
SA,artificial intelligence,2024-10-07,42,0.023391884773792258,0.4360138192908951,0.21428571428571427,0.19047619047619047,0.5952380952380952,-0.22503526127162987,0.048500881834215165,-0.26102292768959434,0.24842714604542213
SA,artificial intelligence,2024-10-14,40,0.18888534295838327,0.532419458795629,0.35,0.15,0.5,0.16549345818459102,-0.04047619047619047,0.1357142857142857,0.023391884773792258
SA,artificial intelligence,2024-10-21,273,0.14449448683964355,0.5939253878331201,0.47985347985347987,0.2600732600732601,0.2600732600732601,-0.04439085611873972,0.1100732600732601,0.1298534798534799,0.18888534295838327
SA,artificial intelligence,2024-10-28,75,0.14957163469245036,0.5782815443243371,0.4666666666666667,0.22666666666666666,0.30666666666666664,0.0050771478528068015,-0.03340659340659344,-0.013186813186813195,0.14449448683964355
SA,artificial intelligence,2024-11-04,68,0.11791909003958982,0.5754253716976891,0.4852941176470588,0.29411764705882354,0.22058823529411764,-0.031652544652860534,0.06745098039215688,0.018627450980392146,0.14957163469245036
SA,artificial intelligence,2024-11-11,39,0.1830260738825951,0.5520197179015148,0.48717948717948717,0.20512820512820512,0.3076923076923077,0.06510698384300527,-0.08898944193061842,0.0018853695324283493,0.11791909003958982
SA,artificial intelligence,2024-11-18,27,0.11572317351345662,0.5159301199663313,0.2962962962962963,0.18518518518518517,0.5185185185185185,-0.06730290036913847,-0.019943019943019946,-0.1908831908831909,0.1830260738825951
SA,artificial intelligence,2024-12-02,23,0.12334264146730951,0.5710868931149482,0.4782608695652174,0.21739130434782608,0.30434782608695654,0.00761946795385289,0.032206119162640906,0.18196457326892113,0.11572317351345662
SA,artificial intelligence,2024-12-09,50,0.2893414756096899,0.5207030136884877,0.52,0.14,0.34,0.16599883414238042,-0.07739130434782607,0.04173913043478261,0.12334264146730951
SA,artificial intelligence,2024-12-16,88,0.48223408041733573,0.5310035950422042,0.7045454545454546,0.125,0.17045454545454544,0.1928926048076458,-0.015000000000000013,0.18454545454545457,0.2893414756096899
SA,artificial intelligence,2024-12-23,28,0.26037946725929423,0.6055913707040275,0.5357142857142857,0.17857142857142858,0.2857142857142857,-0.2218546131580415,0.053571428571428575,-0.1688311688311689,0.48223408041733573
SA,artificial intelligence,2025-01-20,21,0.22568813285657338,0.47939993128550484,0.38095238095238093,0.09523809523809523,0.5238095238095238,-0.03469133440272085,-0.08333333333333334,-0.15476190476190477,0.26037946725929423
SA,artificial intelligence,2025-02-03,113,0.17397291185251906,0.5545612780320484,0.415929203539823,0.19469026548672566,0.3893805309734513,-0.05171522100405432,0.09945217024863043,0.03497682258744206,0.22568813285657338
SA,artificial intelligence,2025-02-10,114,0.12958480064806185,0.595445548562638,0.43859649122807015,0.2631578947368421,0.2982456140350877,-0.04438811120445721,0.06846762925011643,0.022667287688247162,0.17397291185251906
SA,artificial intelligence,2025-02-17,27,-0.0068062953650951385,0.5668977623514443,0.2222222222222222,0.3333333333333333,0.4444444444444444,-0.136391096013157,0.07017543859649122,-0.21637426900584794,0.12958480064806185
SA,artificial intelligence,2025-02-24,93,0.11169518960980318,0.612257236330091,0.41935483870967744,0.34408602150537637,0.23655913978494625,0.11850148497489832,0.010752688172043057,0.19713261648745523,-0.0068062953650951385
SA,artificial intelligence,2025-03-03,36,-0.03336255749066671,0.6599033999859557,0.3888888888888889,0.3611111111111111,0.25,-0.1450577471004699,0.017025089605734733,-0.03046594982078854,0.11169518960980318
SA,artificial intelligence,2025-03-10,92,0.20544658790585463,0.5906719979278472,0.4782608695652174,0.2608695652173913,0.2608695652173913,0.23880914539652134,-0.10024154589371981,0.08937198067632851,-0.03336255749066671
SA,artificial intelligence,2025-03-17,34,0.26205706916859045,0.6756246797778179,0.47058823529411764,0.2647058823529412,0.2647058823529412,0.05661048126273582,0.0038363171355498826,-0.007672634271099765,0.20544658790585463
SA,artificial intelligence,2025-03-24,34,0.3881195588859127,0.5403379088979144,0.6764705882352942,0.17647058823529413,0.14705882352941177,0.12606248971732226,-0.08823529411764705,0.20588235294117652,0.26205706916859045
SA,artificial intelligence,2025-03-31,23,-0.07090007432776949,0.48653402418447544,0.2608695652173913,0.30434782608695654,0.43478260869565216,-0.4590196332136822,0.1278772378516624,-0.41560102301790286,0.3881195588859127
SA,artificial intelligence,2025-04-07,85,0.26658366093521607,0.5457208302476071,0.49411764705882355,0.17647058823529413,0.32941176470588235,0.3374837352629856,-0.1278772378516624,0.23324808184143225,-0.07090007432776949
SA,artificial intelligence,2025-04-14,20,0.16962288292124866,0.5916448533610665,0.45,0.2,0.35,-0.09696077801396741,0.023529411764705882,-0.04411764705882354,0.26658366093521607
SA,artificial intelligence,2025-04-21,48,0.06588546326383948,0.6133673656976778,0.3958333333333333,0.25,0.3541666666666667,-0.10373741965740918,0.04999999999999999,-0.054166666666666696,0.16962288292124866
SA,artificial intelligence,2025-04-28,50,0.22698004029691218,0.5708210604527463,0.48,0.24,0.28,0.1610945770330727,-0.010000000000000009,0.08416666666666667,0.06588546326383948
SA,artificial intelligence,2025-05-05,117,0.18696087138711387,0.6100671078806961,0.5299145299145299,0.2564102564102564,0.21367521367521367,-0.040019168909798314,0.016410256410256396,0.04991452991452994,0.22698004029691218
SA,artificial intelligence,2025-05-12,66,0.295733778300046,0.5541313135234942,0.6363636363636364,0.18181818181818182,0.18181818181818182,0.10877290691293212,-0.07459207459207456,0.10644910644910643,0.18696087138711387
SA,artificial intelligence,2025-05-19,52,0.139503238364481,0.7165901354728168,0.4807692307692308,0.36538461538461536,0.15384615384615385,-0.156230539935565,0.18356643356643354,-0.15559440559440557,0.295733778300046
SA,artificial intelligence,2025-05-26,62,0.3622576909800691,0.5471063850911569,0.5967741935483871,0.11290322580645161,0.2903225806451613,0.2227544526155881,-0.25248138957816374,0.11600496277915634,0.139503238364481
SA,artificial intelligence,2025-06-02,96,0.006153371825348586,0.5953900276987133,0.3229166666666667,0.34375,0.3333333333333333,-0.3561043191547205,0.23084677419354838,-0.27385752688172044,0.3622576909800691
SA,artificial intelligence,2025-06-09,27,0.11451821132666534,0.6144111870929281,0.4444444444444444,0.25925925925925924,0.2962962962962963,0.10836483950131676,-0.08449074074074076,0.12152777777777773,0.006153371825348586
SA,artificial intelligence,2025-06-23,72,0.18422605647032875,0.5640070779549616,0.4722222222222222,0.20833333333333334,0.3194444444444444,0.0697078451436634,-0.0509259259259259,0.02777777777777779,0.11451821132666534
SA,artificial intelligence,2025-06-30,99,0.12461382214619655,0.6204056279904848,0.43434343434343436,0.2828282828282828,0.2828282828282828,-0.05961223432413219,0.07449494949494948,-0.037878787878787845,0.18422605647032875
SA,artificial intelligence,2025-07-07,128,0.20861837670963723,0.5845115716283728,0.4609375,0.2109375,0.328125,0.08400455456344068,-0.07189078282828282,0.026594065656565635,0.12461382214619655
SA,artificial intelligence,2025-07-14,119,0.17197036107673364,0.5693837428774259,0.47058823529411764,0.23529411764705882,0.29411764705882354,-0.0366480156329036,0.02435661764705882,0.00965073529411764,0.20861837670963723
SA,artificial intelligence,2025-07-21,160,0.19502574584912508,0.5752684198662666,0.48125,0.25,0.26875,0.02305538477239144,0.01470588235294118,0.01066176470588237,0.17197036107673364
SA,artificial intelligence,2025-07-28,103,0.13897701188270906,0.6339633660710178,0.4854368932038835,0.2912621359223301,0.22330097087378642,-0.05604873396641602,0.04126213592233008,0.0041868932038834905,0.19502574584912508
SA,artificial intelligence,2025-08-04,128,0.2318941907142289,0.5428459240639111,0.453125,0.171875,0.375,0.09291717883151984,-0.11938713592233008,-0.0323118932038835,0.13897701188270906
SA,artificial intelligence,2025-08-11,124,0.2836790236554319,0.5799158858503461,0.5403225806451613,0.1935483870967742,0.2661290322580645,0.05178483294120301,0.021673387096774188,0.08719758064516125,0.2318941907142289
SA,artificial intelligence,2025-08-18,30,0.39825077379743257,0.41125139844336206,0.6,0.03333333333333333,0.36666666666666664,0.11457175014200066,-0.16021505376344086,0.05967741935483872,0.2836790236554319
SA,artificial intelligence,2025-08-25,198,0.31649373323571955,0.5438270189973626,0.6060606060606061,0.16666666666666666,0.22727272727272727,-0.08175704056171301,0.13333333333333333,0.0060606060606061,0.39825077379743257
SA,artificial intelligence,2025-09-01,93,0.28073276969934663,0.5236743689637321,0.4731182795698925,0.13978494623655913,0.3870967741935484,-0.035760963536372925,-0.02688172043010753,-0.13294232649071358,0.31649373323571955
SA,artificial intelligence,2025-09-29,106,0.26730367406886424,0.5090481952395963,0.4716981132075472,0.16037735849056603,0.36792452830188677,-0.01342909563048239,0.020592412254006903,-0.001420166362345321,0.28073276969934663
SA,artificial intelligence,2025-10-06,22,0.19764587918127124,0.5993282779461131,0.4090909090909091,0.22727272727272727,0.36363636363636365,-0.069657794887593,0.06689536878216124,-0.06260720411663806,0.26730367406886424
SA,artificial intelligence,2025-10-13,133,0.2792653169594985,0.5551709710908647,0.5263157894736842,0.15789473684210525,0.3157894736842105,0.08161943777822728,-0.06937799043062201,0.11722488038277507,0.19764587918127124
SA,artificial intelligence,2025-10-20,35,0.17036413294928415,0.6123148292101086,0.5428571428571428,0.22857142857142856,0.22857142857142856,-0.10890118401021437,0.07067669172932331,0.016541353383458635,0.2792653169594985
SA,artificial intelligence,2025-10-27,28,0.21245969901792705,0.6200416405408722,0.5357142857142857,0.25,0.21428571428571427,0.0420955660686429,0.021428571428571436,-0.0071428571428571175,0.17036413294928415
SA,artificial intelligence,2025-11-03,122,0.09553162575714656,0.5638543397330715,0.38524590163934425,0.2786885245901639,0.3360655737704918,-0.11692807326078049,0.02868852459016391,-0.15046838407494145,0.21245969901792705
SA,artificial intelligence,2025-11-10,214,0.12584115977390348,0.6468341666667875,0.4532710280373832,0.2897196261682243,0.2570093457943925,0.030309534016756914,0.011031101578060365,0.06802512639803893,0.09553162575714656
SA,artificial intelligence,2025-11-17,83,0.22393617758819137,0.6101471817290942,0.5180722891566265,0.21686746987951808,0.26506024096385544,0.0980950178142879,-0.0728521562887062,0.06480126111924334,0.12584115977390348
SA,artificial intelligence,2025-11-24,127,0.1415131078431691,0.6310199663160235,0.44881889763779526,0.29133858267716534,0.25984251968503935,-0.08242306974502228,0.07447111279764726,-0.06925339151883125,0.22393617758819137
SA,artificial intelligence,2025-12-01,58,0.2293207633855014,0.5783189233421581,0.5172413793103449,0.20689655172413793,0.27586206896551724,0.0878076555423323,-0.08444203095302741,0.0684224816725496,0.1415131078431691
SA,artificial intelligence,2025-12-08,104,0.18745570613716084,0.5638247335400551,0.5288461538461539,0.22115384615384615,0.25,-0.041865057248340554,0.014257294429708217,0.011604774535808993,0.2293207633855014
SA,artificial intelligence,2025-12-15,50,0.10144815752282739,0.6716858302821195,0.46,0.34,0.2,-0.08600754861433345,0.11884615384615388,-0.06884615384615383,0.18745570613716084
SA,artificial intelligence,2025-12-22,25,0.13103651218116283,0.6592951173640867,0.44,0.32,0.24,0.02958835465833544,-0.020000000000000018,-0.020000000000000018,0.10144815752282739
SA,artificial intelligence,2025-12-29,67,0.3092719398077522,0.5277159916027566,0.4925373134328358,0.13432835820895522,0.373134328358209,0.17823542762658937,-0.18567164179104478,0.0525373134328358,0.13103651218116283
SA,artificial intelligence,2026-01-05,200,0.52655052843038,0.47638712055847876,0.795,0.095,0.11,0.21727858862262778,-0.03932835820895522,0.30246268656716424,0.3092719398077522
SA,artificial intelligence,2026-01-12,86,0.4076706458554538,0.488449519777874,0.627906976744186,0.11627906976744186,0.2558139534883721,-0.11887988257492615,0.021279069767441858,-0.167093023255814,0.52655052843038
SA,artificial intelligence,2026-01-26,27,0.15236869475079906,0.6479850588706457,0.5185185185185185,0.2962962962962963,0.18518518518518517,-0.25530195110465476,0.18001722652885443,-0.10938845822566756,0.4076706458554538
SA,artificial intelligence,2026-02-02,52,0.24725832496411526,0.5757491772850735,0.5192307692307693,0.17307692307692307,0.3076923076923077,0.0948896302133162,-0.12321937321937321,0.0007122507122507837,0.15236869475079906
SA,artificial intelligence,2026-02-09,91,0.45496928058359976,0.4440365433893273,0.6483516483516484,0.07692307692307693,0.27472527472527475,0.2077109556194845,-0.09615384615384615,0.1291208791208791,0.24725832496411526
SA,artificial intelligence,2026-02-16,29,0.2989677564915398,0.6388299379693083,0.5862068965517241,0.20689655172413793,0.20689655172413793,-0.15600152409205997,0.129973474801061,-0.06214475179992429,0.45496928058359976
SA,artificial intelligence,2026-02-23,24,0.3749140639556572,0.49010821830279844,0.625,0.125,0.25,0.0759463074641174,-0.08189655172413793,0.03879310344827591,0.2989677564915398
SA,artificial intelligence,2026-03-09,76,0.20321108835847362,0.5335986387815672,0.4473684210526316,0.19736842105263158,0.35526315789473684,-0.17170297559718356,0.07236842105263158,-0.17763157894736842,0.3749140639556572
SA,artificial intelligence,2026-03-23,23,0.36284738762871077,0.5211336803320006,0.5217391304347826,0.13043478260869565,0.34782608695652173,0.15963629927023715,-0.06693363844393593,0.07437070938215101,0.20321108835847362
SA,artificial intelligence,2026-03-30,65,0.38515540381463675,0.494650319876737,0.5846153846153846,0.1076923076923077,0.3076923076923077,0.022308016185925983,-0.02274247491638795,0.06287625418060205,0.36284738762871077
SA,artificial intelligence,2026-04-06,32,0.3286287659429945,0.5437558999211142,0.5625,0.15625,0.28125,-0.05652663787164225,0.0485576923076923,-0.022115384615384648,0.38515540381463675
SA,artificial intelligence,2026-04-13,34,0.5254634600132704,0.46448049559396437,0.7647058823529411,0.058823529411764705,0.17647058823529413,0.19683469407027587,-0.0974264705882353,0.20220588235294112,0.3286287659429945
SA,artificial intelligence,2026-04-20,172,0.08376225384580362,0.5525816042738965,0.36046511627906974,0.23837209302325582,0.4011627906976744,-0.4417012061674668,0.17954856361149113,-0.4042407660738714,0.5254634600132704
SA,artificial intelligence,2026-04-27,39,0.21511293954860705,0.4225845647259223,0.38461538461538464,0.10256410256410256,0.5128205128205128,0.13135068570280345,-0.13580799045915326,0.024150268336314895,0.08376225384580362
SA,artificial intelligence,2026-05-04,161,0.11044918803602272,0.616215853558012,0.4409937888198758,0.30434782608695654,0.2546583850931677,-0.10466375151258434,0.20178372352285398,0.05637840420449114,0.21511293954860705
SA,artificial intelligence,2026-05-11,86,0.13201493496984937,0.6345219393013666,0.47674418604651164,0.3023255813953488,0.22093023255813954,0.02156574693382665,-0.002022244691607722,0.035750397226635866,0.11044918803602272
SA,artificial intelligence,2026-05-18,61,0.2545657708446999,0.5717857726486664,0.6065573770491803,0.18032786885245902,0.21311475409836064,0.12255083587485052,-0.1219977125428898,0.1298131910026687,0.13201493496984937
SA,artificial intelligence,2026-05-25,88,0.35430098630868917,0.5453856576394173,0.5909090909090909,0.13636363636363635,0.2727272727272727,0.09973521546398928,-0.04396423248882267,-0.015648286140089396,0.2545657708446999
SA,artificial intelligence,2026-06-01,87,0.4245007113799795,0.49408074226490717,0.6436781609195402,0.11494252873563218,0.2413793103448276,0.07019972507129035,-0.02142110762800417,0.05276907001044928,0.35430098630868917
SA,artificial intelligence,2026-06-08,79,0.10636541472535722,0.5995111262644915,0.379746835443038,0.3037974683544304,0.31645569620253167,-0.3181352966546223,0.1888549396187982,-0.2639313254765022,0.4245007113799795
SA,artificial intelligence,2026-06-15,42,0.12728550220795332,0.6284288451942145,0.47619047619047616,0.2857142857142857,0.23809523809523808,0.020920087482596092,-0.01808318264014469,0.09644364074743816,0.10636541472535722
SA,artificial intelligence,2026-06-29,50,0.11303157463669777,0.6188176994577396,0.48,0.26,0.26,-0.014253927571255542,-0.02571428571428569,0.003809523809523818,0.12728550220795332
SA,artificial intelligence,2026-07-13,189,0.29192177825681276,0.650053598309902,0.6031746031746031,0.23809523809523808,0.15873015873015872,0.17889020362011498,-0.021904761904761927,0.12317460317460316,0.11303157463669777
SA,artificial intelligence,2026-07-20,149,0.21429036563924894,0.5737134088944427,0.4899328859060403,0.20134228187919462,0.3087248322147651,-0.07763141261756382,-0.036752956216043464,-0.11324171726856286,0.29192177825681276
SA,artificial intelligence,2026-07-27,62,0.21191114948822126,0.49954541106947925,0.3870967741935484,0.11290322580645161,0.5,-0.00237921615102768,-0.08843905607274301,-0.1028361117124919,0.21429036563924894
SA,artificial intelligence,2026-08-03,75,-0.09604005993654331,0.6794702216704201,0.3466666666666667,0.4533333333333333,0.2,-0.30795120942476456,0.3404301075268817,-0.0404301075268817,0.21191114948822126
SA,artificial intelligence,2026-08-17,23,0.12143330612098394,0.5777620129658622,0.4782608695652174,0.30434782608695654,0.21739130434782608,0.21747336605752726,-0.14898550724637677,0.13159420289855073,-0.09604005993654331
SA,inflation,2024-07-22,66,0.49255479045325157,0.4856522015092566,0.7575757575757576,0.09090909090909091,0.15151515151515152,,,,
SA,inflation,2024-08-26,239,-0.004918184065139194,0.568750181419671,0.33472803347280333,0.3472803347280335,0.3179916317991632,-0.4974729745183908,0.2563712438189426,-0.42284772410295424,0.49255479045325157
SA,inflation,2024-09-02,58,-0.18665785994380713,0.48603485040413535,0.20689655172413793,0.43103448275862066,0.3620689655172414,-0.18173967587866793,0.08375414803058717,-0.1278314817486654,-0.004918184065139194
SA,inflation,2024-11-18,46,0.27284148734305863,0.5020238059851474,0.5434782608695652,0.17391304347826086,0.2826086956521739,0.45949934728686576,-0.2571214392803598,0.3365817091454273,-0.18665785994380713
SA,inflation,2025-04-07,29,0.37116434967851847,0.6060428273438523,0.6896551724137931,0.20689655172413793,0.10344827586206896,0.09832286233545984,0.03298350824587706,0.14617691154422796,0.27284148734305863
SA,inflation,2025-04-14,73,-0.05276077707642562,0.5874321970769362,0.3424657534246575,0.3972602739726027,0.2602739726027397,-0.4239251267549441,0.1903637222484648,-0.34718941898913563,0.37116434967851847
SA,inflation,2025-04-21,54,-0.04350093062277193,0.6558844798747764,0.4074074074074074,0.5,0.09259259259259259,0.009259846453653686,0.10273972602739728,0.06494165398274987,-0.05276077707642562
SA,inflation,2025-05-05,23,0.2973241532707344,0.616049731895821,0.5652173913043478,0.17391304347826086,0.2608695652173913,0.34082508389350635,-0.32608695652173914,0.1578099838969404,-0.04350093062277193
SA,inflation,2025-05-12,427,0.04705229314345107,0.6218825863708763,0.4449648711943794,0.351288056206089,0.20374707259953162,-0.25027186012728336,0.17737501272782813,-0.1202525201099684,0.2973241532707344
SA,inflation,2025-05-19,75,0.04749733857810498,0.5504880676040718,0.41333333333333333,0.36,0.22666666666666666,0.00044504543465390817,0.008711943793910992,-0.031631537861046055,0.04705229314345107
SA,inflation,2025-05-26,48,0.3566821503142516,0.5966712390601685,0.6875,0.20833333333333334,0.10416666666666667,0.30918481173614665,-0.15166666666666664,0.27416666666666667,0.04749733857810498
SA,inflation,2025-07-14,24,0.5391528966914242,0.43469107355738645,0.8333333333333334,0.08333333333333333,0.08333333333333333,0.1824707463771726,-0.125,0.14583333333333337,0.3566821503142516
SA,inflation,2025-09-01,33,0.054069718599996784,0.5409052708396132,0.3939393939393939,0.24242424242424243,0.36363636363636365,-0.4850831780914274,0.15909090909090912,-0.43939393939393945,0.5391528966914242
SA,inflation,2025-09-08,62,-0.23256307188421488,0.5707770516698842,0.20967741935483872,0.46774193548387094,0.3225806451612903,-0.28663279048421164,0.2253176930596285,-0.1842619745845552,0.054069718599996784
SA,inflation,2025-09-15,27,-0.15011566180597852,0.5829007490945738,0.25925925925925924,0.5555555555555556,0.18518518518518517,0.08244741007823636,0.08781362007168464,0.04958183990442053,-0.23256307188421488
SA,inflation,2025-10-13,90,-0.0664921878837049,0.6103576504036982,0.34444444444444444,0.4,0.25555555555555554,0.08362347392227362,-0.15555555555555556,0.0851851851851852,-0.15011566180597852
SA,inflation,2025-10-20,31,-0.19926903072384097,0.6581953408527528,0.3225806451612903,0.5161290322580645,0.16129032258064516,-0.13277684284013608,0.11612903225806448,-0.02186379928315413,-0.0664921878837049
SA,inflation,2025-10-27,31,0.2352778258162641,0.5725445223477336,0.5483870967741935,0.1935483870967742,0.25806451612903225,0.43454685654010505,-0.3225806451612903,0.2258064516129032,-0.19926903072384097
SA,inflation,2025-12-01,24,0.05512280901893974,0.6554753695336395,0.4583333333333333,0.3333333333333333,0.20833333333333334,-0.18015501679732437,0.13978494623655913,-0.09005376344086019,0.2352778258162641
SA,inflation,2025-12-08,20,0.2167968636378646,0.6520096486034983,0.5,0.3,0.2,0.16167405461892487,-0.033333333333333326,0.041666666666666685,0.05512280901893974
SA,inflation,2026-01-19,65,-0.022137513269598667,0.6685151704562947,0.4461538461538462,0.4153846153846154,0.13846153846153847,-0.23893437690746328,0.11538461538461542,-0.05384615384615382,0.2167968636378646
SA,inflation,2026-01-26,49,0.1302376116378879,0.6349760113172261,0.42857142857142855,0.2653061224489796,0.30612244897959184,0.1523751249074866,-0.1500784929356358,-0.01758241758241763,-0.022137513269598667
SA,inflation,2026-02-09,59,0.10604255438103515,0.6543944417385023,0.4915254237288136,0.423728813559322,0.0847457627118644,-0.024195057256852767,0.1584226911103424,0.06295399515738503,0.1302376116378879
SA,inflation,2026-02-16,48,-0.07827418900948638,0.69562012591958,0.4166666666666667,0.4791666666666667,0.10416666666666667,-0.1843167433905215,0.05543785310734467,-0.0748587570621469,0.10604255438103515
SA,inflation,2026-03-23,30,-0.1120289501423637,0.6131351103533538,0.3,0.4,0.3,-0.03375476113287733,-0.07916666666666666,-0.1166666666666667,-0.07827418900948638
SA,weather,2024-06-17,50,0.44463179804384706,0.4998788798816514,0.8,0.1,0.1,,,,
SA,weather,2024-07-08,29,0.26168648317327786,0.5931962484498724,0.6551724137931034,0.27586206896551724,0.06896551724137931,-0.1829453148705692,0.17586206896551723,-0.14482758620689662,0.44463179804384706
SA,weather,2024-07-22,23,0.573680554597598,0.5034362167667887,0.8260869565217391,0.08695652173913043,0.08695652173913043,0.3119940714243202,-0.1889055472263868,0.1709145427286357,0.26168648317327786
SA,weather,2024-07-29,63,0.6618500430107354,0.4263576675344199,0.8888888888888888,0.06349206349206349,0.047619047619047616,0.08816948841313732,-0.023464458247066944,0.0628019323671497,0.573680554597598
SA,weather,2024-08-05,109,0.580595123923358,0.4420490520016204,0.8532110091743119,0.08256880733944955,0.06422018348623854,-0.08125491908737736,0.019076743847386057,-0.03567787971457692,0.6618500430107354
SA,weather,2024-08-12,58,0.44044953266736764,0.542487028094073,0.7586206896551724,0.15517241379310345,0.08620689655172414,-0.14014559125599035,0.07260360645365391,-0.09459031951913954,0.580595123923358
SA,weather,2024-08-19,104,0.45704196970193434,0.5312068393312411,0.7307692307692307,0.15384615384615385,0.11538461538461539,0.0165924370345667,-0.0013262599469495984,-0.02785145888594165,0.44044953266736764
SA,weather,2024-08-26,101,0.629961544703139,0.39826838567257444,0.8811881188118812,0.0594059405940594,0.0594059405940594,0.1729195750012047,-0.09444021325209445,0.15041888804265047,0.45704196970193434
SA,weather,2024-09-02,57,0.5703983741665357,0.42802483366144073,0.8421052631578947,0.07017543859649122,0.08771929824561403,-0.059563170536603316,0.010769498002431821,-0.039082855653986504,0.629961544703139
SA,weather,2024-10-07,25,0.4518322991579771,0.48561759164057683,0.68,0.08,0.24,-0.11856607500855859,0.009824561403508777,-0.16210526315789464,0.5703983741665357
SA,weather,2024-10-14,36,0.12920437579871055,0.6757884071220147,0.5555555555555556,0.3611111111111111,0.08333333333333333,-0.3226279233592666,0.2811111111111111,-0.12444444444444447,0.4518322991579771
SA,weather,2024-10-21,55,0.6156756451184099,0.4192538847738484,0.8909090909090909,0.09090909090909091,0.01818181818181818,0.4864712693196993,-0.2702020202020202,0.3353535353535353,0.12920437579871055
SA,weather,2024-10-28,27,0.6023980476376083,0.3920343714834856,0.8888888888888888,0.07407407407407407,0.037037037037037035,-0.013277597480801595,-0.01683501683501684,-0.002020202020202033,0.6156756451184099
SA,weather,2024-11-11,21,0.11358097275452957,0.5257010683116712,0.6190476190476191,0.19047619047619047,0.19047619047619047,-0.48881707488307874,0.1164021164021164,-0.26984126984126977,0.6023980476376083
SA,weather,2024-11-18,28,0.4401085132599941,0.5097342596280653,0.75,0.14285714285714285,0.10714285714285714,0.32652754050546456,-0.047619047619047616,0.13095238095238093,0.11358097275452957
SA,weather,2024-11-25,36,0.6449608859709568,0.3685793152312188,0.9166666666666666,0.08333333333333333,0.0,0.20485237271096268,-0.05952380952380952,0.16666666666666663,0.4401085132599941
SA,weather,2024-12-23,21,0.5988403677142092,0.29124622070145467,0.8571428571428571,0.0,0.14285714285714285,-0.04612051825674757,-0.08333333333333333,-0.059523809523809534,0.6449608859709568
SA,weather,2024-12-30,20,0.2562088162638247,0.6276022712345599,0.55,0.2,0.25,-0.34263155145038454,0.2,-0.30714285714285705,0.5988403677142092
SA,weather,2025-01-06,61,0.5560289259511427,0.36367327117029796,0.8032786885245902,0.03278688524590164,0.16393442622950818,0.29982010968731804,-0.16721311475409836,0.2532786885245901,0.2562088162638247
SA,weather,2025-02-10,44,0.029846345434303978,0.6719493556522238,0.5227272727272727,0.45454545454545453,0.022727272727272728,-0.5261825805168387,0.4217585692995529,-0.28055141579731746,0.5560289259511427
SA,weather,2025-03-03,29,0.5825000812845498,0.4320243538605379,0.8275862068965517,0.10344827586206896,0.06896551724137931,0.5526537358502458,-0.3510971786833856,0.304858934169279,0.029846345434303978
SA,weather,2025-03-10,29,0.3533559677287423,0.6077483549591199,0.6551724137931034,0.1724137931034483,0.1724137931034483,-0.2291441135558075,0.06896551724137932,-0.1724137931034483,0.5825000812845498
SA,weather,2025-03-17,82,0.34409158074910323,0.497154874728387,0.6585365853658537,0.17073170731707318,0.17073170731707318,-0.00926438697963905,-0.0016820857863751038,0.003364171572750263,0.3533559677287423
SA,weather,2025-03-24,51,0.4598572090925539,0.5220050875966104,0.7450980392156863,0.1568627450980392,0.09803921568627451,0.11576562834345067,-0.01386896221903397,0.0865614538498326,0.34409158074910323
SA,weather,2025-04-07,37,0.5061233342449004,0.48791857775047065,0.8378378378378378,0.08108108108108109,0.08108108108108109,0.046266125152346516,-0.07578166401695813,0.09273979862215154,0.4598572090925539
SA,weather,2025-04-14,51,0.4271843669132567,0.4527691107500609,0.6666666666666666,0.09803921568627451,0.23529411764705882,-0.07893896733164374,0.016958134605193423,-0.1711711711711712,0.5061233342449004
SA,weather,2025-04-28,51,0.4405836922061794,0.5496786821784136,0.7254901960784313,0.11764705882352941,0.1568627450980392,0.013399325292922704,0.0196078431372549,0.05882352941176472,0.4271843669132567
SA,weather,2025-05-05,41,0.27797378131710904,0.4822070128771727,0.6097560975609756,0.14634146341463414,0.24390243902439024,-0.16260991088907034,0.028694404591104727,-0.11573409851745575,0.4405836922061794
SA,weather,2025-05-19,36,0.3703752533118758,0.6127636940096334,0.6666666666666666,0.2222222222222222,0.1111111111111111,0.09240147199476678,0.07588075880758807,0.05691056910569103,0.27797378131710904
SA,weather,2025-05-26,49,0.5016613766855124,0.5130926053653897,0.8163265306122449,0.12244897959183673,0.061224489795918366,0.13128612337363654,-0.09977324263038548,0.1496598639455783,0.3703752533118758
SA,weather,2025-07-28,32,0.5876856492832303,0.4677569571403401,0.84375,0.09375,0.0625,0.08602427259771794,-0.028698979591836732,0.027423469387755084,0.5016613766855124
SA,weather,2025-08-04,116,0.41558056335157617,0.5769900710913624,0.6982758620689655,0.19827586206896552,0.10344827586206896,-0.17210508593165413,0.10452586206896552,-0.14547413793103448,0.5876856492832303
SA,weather,2025-08-11,73,0.5069361894378719,0.47845155270011064,0.7534246575342466,0.136986301369863,0.1095890410958904,0.09135562608629572,-0.06128956069910252,0.055148795465281064,0.41558056335157617
SA,weather,2025-08-18,111,0.6016873723516861,0.39354414087500933,0.8558558558558559,0.06306306306306306,0.08108108108108109,0.09475118291381424,-0.07392323830679995,0.1024311983216093,0.5069361894378719
SA,weather,2025-08-25,35,0.5666972646755831,0.4022727897989511,0.8285714285714286,0.05714285714285714,0.11428571428571428,-0.034990107676103,-0.005920205920205916,-0.02728442728442726,0.6016873723516861
SA,weather,2025-09-01,36,0.5559610570263531,0.4535907431397335,0.8611111111111112,0.1388888888888889,0.0,-0.01073620764923,0.08174603174603176,0.032539682539682535,0.5666972646755831
SA,weather,2025-09-22,39,0.5920825672264284,0.38764037151209574,0.8974358974358975,0.10256410256410256,0.0,0.03612151020007526,-0.036324786324786335,0.03632478632478631,0.5559610570263531
SA,weather,2025-11-10,49,0.5956365371275009,0.363616651524272,0.8367346938775511,0.04081632653061224,0.12244897959183673,0.0035539699010724846,-0.06174777603349032,-0.060701203558346406,0.5920825672264284
SA,weather,2025-11-24,70,-0.011377653798886701,0.5391511161587403,0.35714285714285715,0.32857142857142857,0.3142857142857143,-0.6070141909263875,0.28775510204081634,-0.4795918367346939,0.5956365371275009
SA,weather,2025-12-01,42,0.4608196473813483,0.49138595866925844,0.7619047619047619,0.07142857142857142,0.16666666666666666,0.472197301180235,-0.2571428571428571,0.4047619047619047,-0.011377653798886701
SA,weather,2025-12-08,166,0.5521013236671956,0.4431799205507556,0.8313253012048193,0.09036144578313253,0.0783132530120482,0.09128167628584727,0.018932874354561105,0.06942053930005743,0.4608196473813483
SA,weather,2025-12-15,229,0.5855906220380721,0.4209613479655822,0.8602620087336245,0.08733624454148471,0.05240174672489083,0.03348929837087655,-0.003025201241647818,0.028936707528805172,0.5521013236671956
SA,weather,2025-12-22,51,0.5339208457838086,0.4522381229950849,0.8235294117647058,0.0784313725490196,0.09803921568627451,-0.0516697762542635,-0.008904871992465105,-0.03673259696891862,0.5855906220380721
SA,weather,2025-12-29,20,-0.20782191352918744,0.6046535521432684,0.3,0.5,0.2,-0.741742759312996,0.4215686274509804,-0.5235294117647058,0.5339208457838086
SA,weather,2026-01-12,23,0.2968859090267316,0.5449547294690472,0.6521739130434783,0.21739130434782608,0.13043478260869565,0.5047078225559191,-0.28260869565217395,0.3521739130434783,-0.20782191352918744
SA,weather,2026-01-19,40,0.5072469440521672,0.4538342156016012,0.8,0.1,0.1,0.21036103502543557,-0.11739130434782608,0.14782608695652177,0.2968859090267316
SA,weather,2026-01-26,51,0.3480902765603626,0.6294355308723076,0.7058823529411765,0.21568627450980393,0.0784313725490196,-0.15915666749180457,0.11568627450980393,-0.09411764705882353,0.5072469440521672
SA,weather,2026-03-02,45,0.6307291981453697,0.353549498978527,0.9333333333333333,0.044444444444444446,0.022222222222222223,0.28263892158500703,-0.17124183006535948,0.22745098039215683,0.3480902765603626
SA,weather,2026-03-09,27,0.645133489259967,0.3187589192781299,0.8888888888888888,0.037037037037037035,0.07407407407407407,0.0144042911145974,-0.007407407407407411,-0.04444444444444451,0.6307291981453697
SA,weather,2026-03-23,94,0.633196891226033,0.38898225757191857,0.8617021276595744,0.07446808510638298,0.06382978723404255,-0.011936598033934098,0.03743104806934594,-0.027186761229314405,0.645133489259967
SA,weather,2026-03-30,56,0.3044331186184926,0.6192746882433563,0.6428571428571429,0.26785714285714285,0.08928571428571429,-0.32876377260754036,0.19338905775075987,-0.21884498480243153,0.633196891226033
SA,weather,2026-04-06,107,0.5179731081387846,0.48203968574561834,0.7663551401869159,0.08411214953271028,0.14953271028037382,0.21353998952029202,-0.18374499332443256,0.12349799732977296,0.3044331186184926
SA,weather,2026-04-13,229,0.5471997156690432,0.4573088107994206,0.777292576419214,0.08296943231441048,0.13973799126637554,0.02922660753025863,-0.0011427172182997963,0.010937436232298148,0.5179731081387846
SA,weather,2026-04-20,39,0.48353608136471266,0.5005212453037893,0.7692307692307693,0.10256410256410256,0.1282051282051282,-0.06366363430433059,0.01959467024969208,-0.008061807188444736,0.5471997156690432
SA,weather,2026-04-27,34,0.5445458434303018,0.502773955601945,0.8235294117647058,0.11764705882352941,0.058823529411764705,0.06100976206558911,0.01508295625942685,0.05429864253393657,0.48353608136471266
SA,weather,2026-05-04,86,0.6097821931592947,0.47097565538462083,0.8488372093023255,0.09302325581395349,0.05813953488372093,0.06523634972899295,-0.024623803009575923,0.025307797537619692,0.5445458434303018
SA,weather,2026-05-25,27,0.5998699918596281,0.410030876978253,0.8888888888888888,0.1111111111111111,0.0,-0.009912201299666634,0.018087855297157618,0.040051679586563305,0.6097821931592947
SA,weather,2026-06-22,40,0.5565390654606744,0.49011625658048974,0.8,0.075,0.125,-0.04333092639895364,-0.03611111111111111,-0.0888888888888888,0.5998699918596281
SA,weather,2026-07-13,30,0.5134430593810976,0.46659912896887845,0.8,0.1,0.1,-0.043096006079576865,0.02500000000000001,0.0,0.5565390654606744
SA,weather,2026-07-20,23,0.3763438606553752,0.5141411299257487,0.6956521739130435,0.08695652173913043,0.21739130434782608,-0.1370991987257224,-0.013043478260869573,-0.10434782608695659,0.5134430593810976
SA,weather,2026-08-03,33,0.31090757770068717,0.6470855618603462,0.6363636363636364,0.24242424242424243,0.12121212121212122,-0.06543628295468801,0.155467720685112,-0.059288537549407105,0.3763438606553752
US,ChatGPT,2025-07-07,36,-0.2041988700059139,0.6376321400606872,0.2777777777777778,0.5555555555555556,0.16666666666666666,,,,
US,ChatGPT,2025-07-28,484,-0.42696025500204876,0.515819434848146,0.12190082644628099,0.6549586776859504,0.2231404958677686,-0.22276138499613485,0.09940312213039482,-0.15587695133149682,-0.2041988700059139
US,ChatGPT,2025-08-04,127,-0.32089320374432745,0.5257702532837069,0.14960629921259844,0.5826771653543307,0.2677165354330709,0.10606705125772131,-0.07228151233161972,0.02770547276631745,-0.42696025500204876
US,ChatGPT,2025-08-25,1096,-0.571858278176591,0.4633519402455294,0.0885036496350365,0.7864963503649635,0.125,-0.2509650744322635,0.2038191850106328,-0.06110264957756194,-0.32089320374432745
US,ChatGPT,2025-09-01,194,-0.5040969623675206,0.49362151766957946,0.1134020618556701,0.7010309278350515,0.18556701030927836,0.06776131580907041,-0.08546542252991196,0.024898412220633603,-0.571858278176591
US,ChatGPT,2025-09-08,32,-0.4208926804421935,0.5251449973128789,0.125,0.59375,0.28125,0.08320428192532703,-0.1072809278350515,0.011597938144329897,-0.5040969623675206
US,ChatGPT,2025-09-29,24,-0.1979979859509816,0.5866147065099165,0.2916666666666667,0.4583333333333333,0.25,0.22289469449121194,-0.13541666666666669,0.16666666666666669,-0.4208926804421935
US,ChatGPT,2025-10-06,245,-0.24817837771712517,0.5856629422830039,0.22448979591836735,0.5183673469387755,0.2571428571428571,-0.050180391766143584,0.060034013605442194,-0.06717687074829934,-0.1979979859509816
US,ChatGPT,2025-10-13,609,-0.40564777961303594,0.5524352210309688,0.17077175697865354,0.6748768472906403,0.15435139573070608,-0.15746940189591077,0.15650950035186484,-0.0537180389397138,-0.24817837771712517
US,ChatGPT,2025-10-20,1165,-0.4099532993966034,0.5606350242081901,0.16909871244635194,0.6566523605150214,0.1742489270386266,-0.0043055197835674686,-0.018224486775618942,-0.001673044532301604,-0.40564777961303594
US,ChatGPT,2025-10-27,32,-0.1759037684823852,0.6479520567284309,0.28125,0.53125,0.1875,0.2340495309142182,-0.1254023605150214,0.11215128755364806,-0.4099532993966034
US,ChatGPT,2025-11-03,72,-0.57041452130458,0.41556167418985146,0.041666666666666664,0.7638888888888888,0.19444444444444445,-0.39451075282219483,0.23263888888888884,-0.23958333333333334,-0.1759037684823852
US,ChatGPT,2025-11-10,26,-0.4633176023355471,0.4507094743512193,0.038461538461538464,0.7307692307692307,0.23076923076923078,0.10709691896903295,-0.03311965811965811,-0.0032051282051282007,-0.57041452130458
US,ChatGPT,2025-11-17,124,-0.4344731218692276,0.5184854549732095,0.12096774193548387,0.6612903225806451,0.21774193548387097,0.02884448046631949,-0.0694789081885856,0.08250620347394541,-0.4633176023355471
US,ChatGPT,2025-12-15,36,-0.31256906155289876,0.5340724728851157,0.1388888888888889,0.5,0.3611111111111111,0.12190406031632883,-0.16129032258064513,0.01792114695340502,-0.4344731218692276
US,ChatGPT,2026-03-09,1108,-0.42225914179357543,0.49862382986795833,0.12454873646209386,0.6362815884476535,0.23916967509025272,-0.10969008024067667,0.13628158844765348,-0.014340152426795039,-0.31256906155289876
US,ChatGPT,2026-03-16,491,-0.515632477014225,0.48850575774397653,0.10183299389002037,0.7270875763747454,0.1710794297352342,-0.09337333522064956,0.09080598792709194,-0.022715742572073483,-0.42225914179357543
US,ChatGPT,2026-03-23,2037,-0.1423131918125897,0.6180424327062963,0.32106038291605304,0.4806087383406971,0.19833087874324987,0.37331928520163526,-0.2464788380340483,0.21922738902603267,-0.515632477014225
US,ChatGPT,2026-03-30,1004,-0.5832978860935218,0.4649307591137014,0.08565737051792828,0.7808764940239044,0.13346613545816732,-0.4409846942809321,0.30026775568320724,-0.23540301239812478,-0.1423131918125897
US,ChatGPT,2026-04-06,772,-0.3393191748100859,0.5994527837431055,0.20207253886010362,0.6178756476683938,0.1800518134715026,0.24397871128343596,-0.1630008463555106,0.11641516834217534,-0.5832978860935218
US,ChatGPT,2026-04-13,1241,-0.4508928485157675,0.5460640405112173,0.14101531023368252,0.6905721192586624,0.16841257050765512,-0.11157367370568161,0.0726964715902686,-0.0610572286264211,-0.3393191748100859
US,ChatGPT,2026-04-20,373,-0.4747429936425136,0.4510571984339469,0.08847184986595175,0.6863270777479893,0.225201072386059,-0.023850145126746103,-0.004245041510673064,-0.05254346036773078,-0.4508928485157675
US,ChatGPT,2026-04-27,1580,-0.39099298898790835,0.5626256999731235,0.16772151898734178,0.6462025316455696,0.1860759493670886,0.08375000465460525,-0.04012454610241967,0.07924966912139003,-0.4747429936425136
US,ChatGPT,2026-05-04,58,-0.3286390013125693,0.577309593597471,0.20689655172413793,0.603448275862069,0.1896551724137931,0.06235398767533906,-0.04275425578350067,0.03917503273679615,-0.39099298898790835
US,ChatGPT,2026-05-11,965,-0.42939244599414533,0.5406700217196331,0.14300518134715026,0.6694300518134715,0.18756476683937823,-0.10075344468157604,0.06598177595140253,-0.06389137037698767,-0.3286390013125693
US,ChatGPT,2026-05-18,493,-0.3685566391030791,0.5541472724377547,0.1744421906693712,0.6369168356997972,0.18864097363083165,0.06083580689106621,-0.032513216113674304,0.03143700932222093,-0.42939244599414533
US,ChatGPT,2026-05-25,24,-0.2684647406761845,0.5626252035773953,0.25,0.5,0.25,0.10009189842689464,-0.13691683569979718,0.0755578093306288,-0.3685566391030791
US,ChatGPT,2026-06-01,79,-0.3331641142928525,0.5914326957349754,0.17721518987341772,0.5822784810126582,0.24050632911392406,-0.064699373616668,0.08227848101265822,-0.07278481012658228,-0.2684647406761845
US,ChatGPT,2026-06-22,100,-0.4367702488321811,0.45011926802632746,0.09,0.68,0.23,-0.1036061345393286,0.09772151898734183,-0.08721518987341773,-0.3331641142928525
US,ChatGPT,2026-06-29,21,-0.3441250264378531,0.597276182580876,0.19047619047619047,0.5714285714285714,0.23809523809523808,0.09264522239432799,-0.10857142857142865,0.10047619047619047,-0.4367702488321811
US,ChatGPT,2026-07-06,107,-0.35962480945495245,0.5250645751783007,0.18691588785046728,0.5794392523364486,0.2336448598130841,-0.015499783017099367,0.008010680907877155,-0.003560302625723183,-0.3441250264378531
US,ChatGPT,2026-07-13,60,-0.34787343041971325,0.5732843788343993,0.23333333333333334,0.5666666666666667,0.2,0.011751379035239207,-0.0127725856697819,0.046417445482866054,-0.35962480945495245
US,ChatGPT,2026-07-20,404,-0.297932760232119,0.5201290867391855,0.1485148514851485,0.5371287128712872,0.31435643564356436,0.04994067018759424,-0.02953795379537949,-0.08481848184818483,-0.34787343041971325
US,ChatGPT,2026-07-27,780,-0.4564436522825884,0.4900969176273279,0.10256410256410256,0.6730769230769231,0.22435897435897437,-0.15851089205046937,0.13594821020563597,-0.04595074892104595,-0.297932760232119
US,ChatGPT,2026-08-03,185,-0.5370268693823065,0.47317164047900523,0.10810810810810811,0.7675675675675676,0.12432432432432433,-0.08058321709971811,0.09449064449064448,0.0055440055440055536,-0.4564436522825884
US,World Cup,2025-06-09,116,-0.47600390684212845,0.5264441213647251,0.12931034482758622,0.7068965517241379,0.16379310344827586,,,,
US,World Cup,2025-07-07,33,-0.25857159427621146,0.6224995047756776,0.18181818181818182,0.5151515151515151,0.30303030303030304,0.217432312565917,-0.19174503657262276,0.05250783699059561,-0.47600390684212845
US,World Cup,2025-07-14,1270,-0.40931854702341625,0.5534064146825942,0.16377952755905512,0.65748031496063,0.17874015748031497,-0.1507469527472048,0.14232879980911484,-0.018038654259126707,-0.25857159427621146
US,World Cup,2025-07-21,118,-0.3957903680502106,0.5532196837176893,0.17796610169491525,0.6779661016949152,0.1440677966101695,0.013528178973205629,0.02048578673428525,0.014186574135860136,-0.40931854702341625
US,World Cup,2025-08-18,1034,-0.4342162410108953,0.5678685929622277,0.16634429400386846,0.6866537717601547,0.1470019342359768,-0.03842587296068467,0.008687670065239517,-0.011621807691046787,-0.3957903680502106
US,World Cup,2025-08-25,65,-0.3177145573668755,0.6230851252159116,0.26153846153846155,0.6153846153846154,0.12307692307692308,0.1165016836440198,-0.07126915637553932,0.09519416753459309,-0.4342162410108953
US,World Cup,2025-09-22,49,-0.538751991997872,0.4615804735955894,0.08163265306122448,0.7346938775510204,0.1836734693877551,-0.22103743463099657,0.11930926216640503,-0.17990580847723708,-0.3177145573668755
US,World Cup,2025-10-20,200,0.20468438131269068,0.5885411724367648,0.54,0.235,0.225,0.7434363733105627,-0.49969387755102046,0.45836734693877557,-0.538751991997872
US,World Cup,2025-10-27,598,0.16731397861016784,0.6062582083530873,0.5,0.27591973244147155,0.22408026755852842,-0.03737040270252284,0.04091973244147157,-0.040000000000000036,0.20468438131269068
US,World Cup,2025-11-03,29,0.3255173159955904,0.5901554142717751,0.6896551724137931,0.1724137931034483,0.13793103448275862,0.15820333738542258,-0.10350593933802327,0.18965517241379315,0.16731397861016784
US,World Cup,2025-11-10,36,0.08921589249641532,0.6373645685902747,0.4722222222222222,0.3055555555555556,0.2222222222222222,-0.2363014234991751,0.1331417624521073,-0.21743295019157094,0.3255173159955904
US,World Cup,2025-11-17,300,-0.467754605418692,0.5332232783141202,0.15,0.7,0.15,-0.5569704979151073,0.3944444444444444,-0.3222222222222222,0.08921589249641532
US,World Cup,2025-12-01,947,-0.362615435616307,0.6038151668577372,0.20380147835269272,0.6304118268215417,0.16578669482576558,0.10513916980238502,-0.06958817317845822,0.05380147835269272,-0.467754605418692
US,World Cup,2025-12-08,353,-0.4283473425447181,0.5190475982936511,0.1388101983002833,0.6685552407932012,0.19263456090651557,-0.06573190692841113,0.038143413971659434,-0.06499128005240942,-0.362615435616307
US,World Cup,2025-12-15,22,-0.3696867670355873,0.6064073210472828,0.13636363636363635,0.6363636363636364,0.22727272727272727,0.05866057550913084,-0.03219160442956481,-0.0024465619366469404,-0.4283473425447181
US,World Cup,2026-01-12,156,-0.5894449073582505,0.4260991370754702,0.08333333333333333,0.8076923076923077,0.10897435897435898,-0.21975814032266322,0.17132867132867136,-0.053030303030303025,-0.3696867670355873
US,World Cup,2026-01-19,23,-0.5607049376501337,0.5140653237005973,0.08695652173913043,0.7391304347826086,0.17391304347826086,0.028739969708116764,-0.06856187290969906,0.0036231884057971037,-0.5894449073582505
US,World Cup,2026-02-02,156,-0.03169788068566376,0.730835350726805,0.4230769230769231,0.4551282051282051,0.12179487179487179,0.52900705696447,-0.2840022296544035,0.33612040133779264,-0.5607049376501337
US,World Cup,2026-03-09,567,-0.5685425808413423,0.4464038540653384,0.09700176366843033,0.7901234567901234,0.1128747795414462,-0.5368447001556786,0.3349952516619183,-0.32607515940849274,-0.03169788068566376
US,World Cup,2026-03-16,46,-0.6154647429433205,0.4200580541314354,0.10869565217391304,0.8260869565217391,0.06521739130434782,-0.04692216210197819,0.03596349973161572,0.01169388850548271,-0.5685425808413423
US,World Cup,2026-04-13,37,-0.32742599908866593,0.5852843716772098,0.21621621621621623,0.5135135135135135,0.2702702702702703,0.2880387438546546,-0.31257344300822565,0.10752056404230319,-0.6154647429433205
US,World Cup,2026-04-20,73,-0.6545651159695771,0.3945871995306116,0.0410958904109589,0.8493150684931506,0.1095890410958904,-0.3271391168809112,0.33580155497963715,-0.17512032580525733,-0.32742599908866593
US,World Cup,2026-04-27,40,-0.35498886711429806,0.5959615401635466,0.225,0.6,0.175,0.29957624885527906,-0.24931506849315066,0.1839041095890411,-0.6545651159695771
US,World Cup,2026-05-04,46,-0.4273860179414244,0.41465146776325734,0.06521739130434782,0.6521739130434783,0.2826086956521739,-0.07239715082712633,0.05217391304347829,-0.1597826086956522,-0.35498886711429806
US,World Cup,2026-05-11,175,-0.28235044284590655,0.6034283898935532,0.2342857142857143,0.5828571428571429,0.18285714285714286,0.14503557509551784,-0.06931677018633542,0.16906832298136648,-0.4273860179414244
US,World Cup,2026-05-18,581,-0.35816656489553583,0.5960501192573197,0.20309810671256454,0.6351118760757315,0.16179001721170397,-0.07581612204962929,0.052254733218588645,-0.031187607573149756,-0.28235044284590655
US,World Cup,2026-05-25,103,-0.31711436316226294,0.5942538376047439,0.1650485436893204,0.5436893203883495,0.2912621359223301,0.0410522017332729,-0.091422555687382,-0.03804956302324414,-0.35816656489553583
US,World Cup,2026-06-01,551,-0.4003745334868585,0.5533074715277789,0.15063520871143377,0.6352087114337568,0.21415607985480944,-0.08326017032459554,0.0915193910454073,-0.014413334977886633,-0.31711436316226294
US,World Cup,2026-06-08,3292,-0.3738088116688,0.5746619600221946,0.18469015795868773,0.6369987849331713,0.17831105710814094,0.026565721818058496,0.0017900734994145129,0.03405494924725397,-0.4003745334868585
US,World Cup,2026-06-15,4670,-0.31504192575553086,0.6116937233771624,0.21991434689507494,0.6021413276231263,0.17794432548179873,0.05876688591326912,-0.03485745731004497,0.03522418893638721,-0.3738088116688
US,World Cup,2026-06-22,5636,-0.3309674262808804,0.6121693811120792,0.22196593328601846,0.6128459900638751,0.16518807665010646,-0.015925500525349523,0.010704662440748747,0.0020515863909435217,-0.31504192575553086
US,World Cup,2026-06-29,3342,-0.3747065864566921,0.5911467006832356,0.19120287253141832,0.6448234590065829,0.1639736684619988,-0.0437391601758117,0.03197746894270781,-0.03076306075460014,-0.3309674262808804
US,World Cup,2026-07-06,7905,-0.44286273300028034,0.5665577652637449,0.16672991777356103,0.6956356736242885,0.13763440860215054,-0.06815614654358826,0.050812214617705576,-0.024472954757857296,-0.3747065864566921
US,World Cup,2026-07-13,3852,-0.3948018780771908,0.569934066716862,0.1786085150571132,0.6560228452751817,0.1653686396677051,0.048060854923089535,-0.03961282834910673,0.011878597283552172,-0.44286273300028034
US,World Cup,2026-07-20,2320,-0.3575810527918732,0.6069717066829824,0.20991379310344827,0.6323275862068966,0.15775862068965518,0.037220825285317616,-0.02369525906828518,0.03130527804633507,-0.3948018780771908
US,World Cup,2026-07-27,1391,-0.5006673599383777,0.5222178674032126,0.13371675053918045,0.7419122933141624,0.12437095614665708,-0.14308630714650455,0.10958470710726587,-0.07619704256426782,-0.3575810527918732
US,World Cup,2026-08-03,102,-0.39862542661527794,0.5970217289207121,0.19607843137254902,0.6666666666666666,0.13725490196078433,0.1020419333230998,-0.07524562664749579,0.06236168083336857,-0.5006673599383777
US,artificial intelligence,2025-03-24,35,-0.4708771860226989,0.48158234930371946,0.08571428571428572,0.6571428571428571,0.2571428571428571,,,,
US,artificial intelligence,2025-04-07,20,-0.49725060928612946,0.5110973591771093,0.1,0.8,0.1,-0.026373423263430562,0.1428571428571429,0.01428571428571429,-0.4708771860226989
US,artificial intelligence,2025-05-19,204,-0.34851474729457904,0.5763070285735417,0.20588235294117646,0.6225490196078431,0.1715686274509804,0.14873586199155042,-0.1774509803921569,0.10588235294117646,-0.49725060928612946
US,artificial intelligence,2025-05-26,184,-0.26633233530953043,0.5640514083105166,0.24456521739130435,0.5217391304347826,0.23369565217391305,0.08218241198504861,-0.10080988917306055,0.03868286445012789,-0.34851474729457904
US,artificial intelligence,2025-06-02,339,-0.3799434334182546,0.4979898675260909,0.13569321533923304,0.6017699115044248,0.26253687315634217,-0.11361109810872416,0.08003078106964223,-0.10887200205207131,-0.26633233530953043
US,artificial intelligence,2025-06-09,349,-0.3065685192042999,0.5453645663469592,0.2034383954154728,0.5816618911174785,0.2148997134670487,0.0733749142139547,-0.020108020386946368,0.06774518007623975,-0.3799434334182546
US,artificial intelligence,2025-06-16,179,-0.40234225376004445,0.4810690183546245,0.12849162011173185,0.6703910614525139,0.2011173184357542,-0.09577373455574456,0.08872917033503547,-0.07494677530374094,-0.3065685192042999
US,artificial intelligence,2025-06-23,174,-0.2723398055217561,0.5806406137259963,0.20114942528735633,0.5632183908045977,0.23563218390804597,0.13000244823828838,-0.10717267064791625,0.07265780517562448,-0.40234225376004445
US,artificial intelligence,2025-06-30,363,-0.1817671376262527,0.5547010369909845,0.23415977961432508,0.44077134986225897,0.325068870523416,0.09057266789550336,-0.12244704094233871,0.03301035432696875,-0.2723398055217561
US,artificial intelligence,2025-07-07,653,-0.3973231829466101,0.49555984909748346,0.1225114854517611,0.6186830015313936,0.25880551301684535,-0.2155560453203574,0.17791165166913459,-0.11164829416256397,-0.1817671376262527
US,artificial intelligence,2025-07-14,860,-0.3728335457009285,0.5480159478089306,0.16162790697674417,0.6267441860465116,0.2116279069767442,0.024489637245681595,0.008061184515118058,0.03911642152498307,-0.3973231829466101
US,artificial intelligence,2025-07-21,339,-0.2952724979959626,0.5498298692646577,0.17404129793510326,0.551622418879056,0.2743362831858407,0.07756104770496591,-0.07512176716745556,0.012413390958359083,-0.3728335457009285
US,artificial intelligence,2025-07-28,2521,-0.4346528847737682,0.4768548584430489,0.1082903609678699,0.6541055136850457,0.2376041253470845,-0.13938038677780556,0.1024830948059896,-0.06575093696723336,-0.2952724979959626
US,artificial intelligence,2025-08-04,345,-0.3945101173810553,0.520006612569373,0.14492753623188406,0.6057971014492753,0.2492753623188406,0.040142767392712886,-0.048308412235770315,0.036637175264014166,-0.4346528847737682
US,artificial intelligence,2025-08-11,160,-0.3550761233142111,0.49837178551987416,0.14375,0.56875,0.2875,0.03943399406684417,-0.037047101449275366,-0.0011775362318840743,-0.3945101173810553
US,artificial intelligence,2025-08-18,289,-0.320766188948702,0.5450169062511347,0.1695501730103806,0.5709342560553633,0.25951557093425603,0.03430993436550911,0.0021842560553633206,0.025800173010380623,-0.3550761233142111
US,artificial intelligence,2025-08-25,2193,-0.4161726727629844,0.4872176315164456,0.11582307341541268,0.6269949840401277,0.25718194254445964,-0.0954064838142824,0.05606072798476436,-0.053727099594967936,-0.320766188948702
US,artificial intelligence,2025-09-01,1054,-0.3901522506127378,0.4879748316956403,0.12428842504743833,0.6053130929791272,0.2703984819734345,0.026020422150246636,-0.02168189106100049,0.00846535163202565,-0.4161726727629844
US,artificial intelligence,2025-09-08,303,-0.40876437623742296,0.48426239331340487,0.12871287128712872,0.636963696369637,0.23432343234323433,-0.018612125624685172,0.031650603390509846,0.004424446239690391,-0.3901522506127378
US,artificial intelligence,2025-09-15,206,-0.3442120623720575,0.4995042731004686,0.1407766990291262,0.5825242718446602,0.2766990291262136,0.06455231386536547,-0.054439424524976854,0.01206382774199749,-0.40876437623742296
US,artificial intelligence,2025-09-22,192,-0.3022437304898631,0.5552726676812066,0.19270833333333334,0.5885416666666666,0.21875,0.0419683318821944,0.006017394822006472,0.051931634304207136,-0.3442120623720575
US,artificial intelligence,2025-09-29,678,-0.27568095612029236,0.5606007499041369,0.2168141592920354,0.5501474926253688,0.23303834808259588,0.02656277436957072,-0.03839417404129786,0.02410582595870206,-0.3022437304898631
US,artificial intelligence,2025-10-06,1607,-0.5337357436600602,0.5071895941264605,0.11076540136901059,0.731176104542626,0.15805849408836342,-0.2580547875397678,0.18102861191725728,-0.10604875792302482,-0.27568095612029236
US,artificial intelligence,2025-10-13,526,-0.4532102503948367,0.49124295736695,0.12547528517110265,0.6673003802281369,0.20722433460076045,0.08052549326522346,-0.06387572431448918,0.014709883802092066,-0.5337357436600602
US,artificial intelligence,2025-10-20,602,-0.2873531721897448,0.5260573395776303,0.1744186046511628,0.5149501661129569,0.3106312292358804,0.16585707820509188,-0.15235021411518002,0.04894331948006014,-0.4532102503948367
US,artificial intelligence,2025-10-27,1698,-0.3998785535684261,0.49995546544551,0.12956419316843346,0.6248527679623086,0.24558303886925795,-0.11252538137868129,0.10990260184935174,-0.04485441148272934,-0.2873531721897448
US,artificial intelligence,2025-11-03,1096,-0.36484548213456613,0.5085444659841382,0.13686131386861314,0.6067518248175182,0.2563868613138686,0.035033071433859975,-0.018100943144790382,0.007297120700179682,-0.3998785535684261
US,artificial intelligence,2025-11-10,781,-0.25290319591369503,0.4931145322602219,0.15364916773367476,0.48655569782330343,0.35979513444302175,0.1119422862208711,-0.12019612699421478,0.016787853865061625,-0.36484548213456613
US,artificial intelligence,2025-11-17,449,-0.3535864138249764,0.4990983168693159,0.12472160356347439,0.5924276169265034,0.2828507795100223,-0.10068321791128138,0.10587191910319993,-0.02892756417020037,-0.25290319591369503
US,artificial intelligence,2025-11-24,1169,-0.3428649356038213,0.5241195226160288,0.14627887082976904,0.5688622754491018,0.2848588537211292,0.0107214782211551,-0.023565341477401525,0.021557267266294644,-0.3535864138249764
US,artificial intelligence,2025-12-01,154,-0.3568887363381491,0.5472726999879413,0.13636363636363635,0.5714285714285714,0.2922077922077922,-0.014023800734327796,0.0025662959794695572,-0.009915234466132683,-0.3428649356038213
US,artificial intelligence,2025-12-08,166,-0.42144914267090966,0.5075906296300775,0.13855421686746988,0.6506024096385542,0.21084337349397592,-0.06456040633276056,0.0791738382099828,0.002190580503833528,-0.3568887363381491
US,artificial intelligence,2025-12-15,98,-0.39955208649174595,0.4902576380357012,0.11224489795918367,0.6530612244897959,0.23469387755102042,0.02189705617916371,0.002458814851241664,-0.02630931890828621,-0.42144914267090966
US,artificial intelligence,2025-12-22,112,-0.3556602389435284,0.5310606666354335,0.13392857142857142,0.5714285714285714,0.29464285714285715,0.043891847548217566,-0.08163265306122447,0.02168367346938775,-0.39955208649174595
US,artificial intelligence,2025-12-29,170,-0.31652496704174315,0.5502449163855633,0.17647058823529413,0.5588235294117647,0.2647058823529412,0.03913527190178523,-0.012605042016806678,0.042542016806722704,-0.3556602389435284
US,artificial intelligence,2026-01-05,286,-0.4388089269575487,0.4697081811403175,0.1048951048951049,0.6188811188811189,0.2762237762237762,-0.12228395991580554,0.06005758946935413,-0.07157548334018923,-0.31652496704174315
US,artificial intelligence,2026-01-12,1172,-0.4375529881620799,0.49172838503207084,0.11774744027303755,0.6638225255972696,0.21843003412969283,0.001255938795468814,0.04494140671615077,0.01285233537793265,-0.4388089269575487
US,artificial intelligence,2026-01-19,501,-0.3200508855904142,0.548905595932653,0.2055888223552894,0.5768463073852296,0.21756487025948104,0.11750210257166566,-0.08697621821204005,0.08784138208225187,-0.4375529881620799
US,artificial intelligence,2026-01-26,655,-0.3602870943963186,0.5366444525047552,0.15877862595419848,0.6183206106870229,0.22290076335877862,-0.040236208805904394,0.04147430330179336,-0.04681019640109094,-0.3200508855904142
US,artificial intelligence,2026-02-02,1138,-0.4090225123088342,0.568737556402484,0.17223198594024605,0.6625659050966608,0.16520210896309315,-0.048735417912515566,0.04424529440963787,0.013453359986047575,-0.3602870943963186
US,artificial intelligence,2026-02-09,756,-0.359975354330831,0.5276050690430099,0.16137566137566137,0.6058201058201058,0.2328042328042328,0.049047157978003186,-0.05674579927655499,-0.010856324564584685,-0.4090225123088342
US,artificial intelligence,2026-02-16,2239,-0.4543309638521278,0.4859680801845205,0.1094238499330058,0.6703885663242519,0.2201875837427423,-0.09435560952129679,0.06456846050414611,-0.051951811442655565,-0.359975354330831
US,artificial intelligence,2026-02-23,3261,-0.3876173031870224,0.5609237155028785,0.17203311867525298,0.6421343146274149,0.1858325666973321,0.06671366066510537,-0.02825425169683704,0.06260926874224718,-0.4543309638521278
US,artificial intelligence,2026-03-02,301,-0.3835858313143996,0.5368981667929748,0.16611295681063123,0.627906976744186,0.2059800664451827,0.004031471872622816,-0.01422733788322883,-0.005920161864621742,-0.3876173031870224
US,artificial intelligence,2026-03-09,186,-0.37121728299966744,0.5472046066322417,0.17204301075268819,0.6236559139784946,0.20430107526881722,0.012368548314732164,-0.004251062765691427,0.005930053942056951,-0.3835858313143996
US,artificial intelligence,2026-03-16,155,-0.4535017212011641,0.49754202725374685,0.10967741935483871,0.6774193548387096,0.2129032258064516,-0.08228443820149667,0.053763440860215006,-0.062365591397849474,-0.37121728299966744
US,artificial intelligence,2026-03-23,312,-0.3277125955732444,0.5432617458032194,0.1762820512820513,0.5737179487179487,0.25,0.12578912562791972,-0.10370140612076095,0.06660463192721258,-0.4535017212011641
US,artificial intelligence,2026-03-30,2178,-0.5507756807243569,0.46600542074213225,0.08264462809917356,0.7433425160697889,0.17401285583103765,-0.2230630851511125,0.16962456735184017,-0.09363742318287774,-0.3277125955732444
US,artificial intelligence,2026-04-06,985,-0.2701194442496611,0.5305353502641907,0.1817258883248731,0.5187817258883248,0.29949238578680204,0.2806562364746958,-0.22456079018146402,0.09908126022569955,-0.5507756807243569
US,artificial intelligence,2026-04-13,2944,-0.4673312524350679,0.4839606418885691,0.11005434782608696,0.6807065217391305,0.20923913043478262,-0.1972118081854068,0.16192479585080566,-0.07167154049878614,-0.2701194442496611
US,artificial intelligence,2026-04-20,965,-0.053715977078023815,0.6758254847921329,0.3544041450777202,0.43419689119170984,0.21139896373056996,0.41361527535704407,-0.24650963054742064,0.24434979725163325,-0.4673312524350679
US,artificial intelligence,2026-04-27,442,-0.09515793043572236,0.6391224280809308,0.3054298642533937,0.4321266968325792,0.26244343891402716,-0.04144195335769855,-0.0020701943591306393,-0.04897428082432653,-0.053715977078023815
US,artificial intelligence,2026-05-04,757,-0.1561396362289511,0.6443846891448307,0.3104359313077939,0.4861294583883752,0.20343461030383092,-0.060981705793228744,0.054002761555795975,0.0050060670544002095,-0.09515793043572236
US,artificial intelligence,2026-05-11,1334,-0.2815866953912547,0.5941967648623357,0.22563718140929534,0.5599700149925038,0.2143928035982009,-0.1254470591623036,0.07384055660412858,-0.08479874989849856,-0.1561396362289511
US,artificial intelligence,2026-05-18,2310,-0.38305192445183084,0.5436594412750722,0.1683982683982684,0.6350649350649351,0.19653679653679654,-0.10146522906057615,0.07509492007243135,-0.05723891301102693,-0.2815866953912547
US,artificial intelligence,2026-05-25,1519,-0.4164482135456877,0.5401318977754417,0.15273206056616195,0.6708360763660303,0.17643186306780778,-0.033396289093856835,0.035771141301095155,-0.015666207832106455,-0.38305192445183084
US,artificial intelligence,2026-06-01,1735,-0.3598027907043524,0.519397551407917,0.15043227665706052,0.6069164265129683,0.2426512968299712,0.05664542284133528,-0.06391964985306198,-0.0022997839091014327,-0.4164482135456877
US,artificial intelligence,2026-06-08,516,-0.4342535873658435,0.5067137838126664,0.1298449612403101,0.6705426356589147,0.1996124031007752,-0.07445079666149113,0.06362620914594641,-0.020587315416750435,-0.3598027907043524
US,artificial intelligence,2026-06-15,419,-0.4063668147214024,0.5168418217006778,0.14081145584725538,0.6372315035799523,0.22195704057279236,0.027886772644441116,-0.03331113207896241,0.010966494606945293,-0.4342535873658435
US,artificial intelligence,2026-06-22,832,-0.2192566763506665,0.5159160350353386,0.18629807692307693,0.45072115384615385,0.3629807692307692,0.1871101383707359,-0.18651034973379843,0.04548662107582155,-0.4063668147214024
US,artificial intelligence,2026-06-29,941,-0.44113811548486526,0.4760927594819223,0.09351753453772582,0.6482465462274176,0.25823591923485656,-0.22188143913419875,0.19752539238126376,-0.0927805423853511,-0.2192566763506665
US,artificial intelligence,2026-07-06,1783,-0.4758437707726658,0.4741895749335972,0.10600112170499158,0.6915311273135165,0.20246775098149186,-0.03470565528780056,0.043284581086098894,0.012483587167265761,-0.44113811548486526
US,artificial intelligence,2026-07-13,485,-0.48852876587050786,0.4743530393446485,0.0865979381443299,0.7051546391752578,0.20824742268041238,-0.012684995097842044,0.013623511861741266,-0.019403183560661688,-0.4758437707726658
US,artificial intelligence,2026-07-20,260,-0.4011600140016526,0.5474545398760017,0.17692307692307693,0.6461538461538462,0.17692307692307693,0.08736875186885529,-0.05900079302141159,0.09032513877874704,-0.48852876587050786
US,artificial intelligence,2026-07-27,1811,-0.46641097594081354,0.4757112167424723,0.09994478188845941,0.6874654886802871,0.21258972943125345,-0.06525096193916097,0.04131164252644093,-0.07697829503461752,-0.4011600140016526
US,artificial intelligence,2026-08-03,1400,-0.44619293962339207,0.49994460920199085,0.115,0.6521428571428571,0.23285714285714285,0.020218036317421473,-0.03532263153742998,0.015055218111540591,-0.46641097594081354
US,artificial intelligence,2026-08-10,209,-0.45794865599962653,0.4769950842784956,0.10047846889952153,0.6698564593301436,0.22966507177033493,-0.01175571637623446,0.01771360218728646,-0.014521531100478477,-0.44619293962339207
US,bitcoin,2025-02-24,60,-0.46412432196860515,0.5785811165586535,0.15,0.7333333333333333,0.11666666666666667,,,,
US,bitcoin,2025-03-03,297,-0.38830621565632545,0.5152506648046529,0.12794612794612795,0.6363636363636364,0.2356902356902357,0.0758181063122797,-0.09696969696969693,-0.022053872053872048,-0.46412432196860515
US,bitcoin,2025-04-28,125,-0.46531343206763265,0.5373157820033228,0.128,0.736,0.136,-0.0770072164113072,0.09963636363636363,5.387205387205607e-05,-0.38830621565632545
US,bitcoin,2025-05-05,115,-0.17661763591610868,0.6406138818317009,0.2608695652173913,0.4782608695652174,0.2608695652173913,0.28869579615152396,-0.2577391304347826,0.1328695652173913,-0.46531343206763265
US,bitcoin,2025-05-19,250,-0.44574169993773105,0.5833085353501599,0.156,0.664,0.18,-0.26912406402162237,0.18573913043478263,-0.1048695652173913,-0.17661763591610868
US,bitcoin,2025-05-26,1343,-0.3301698844030372,0.5855434781681134,0.20774385703648549,0.6075949367088608,0.18466120625465376,0.11557181553469387,-0.05640506329113926,0.051743857036485486,-0.44574169993773105
US,bitcoin,2025-06-30,335,-0.4192090735339852,0.4600524769848318,0.0955223880597015,0.6417910447761194,0.2626865671641791,-0.089039189130948,0.03419610806725859,-0.11222146897678399,-0.3301698844030372
US,bitcoin,2025-07-07,57,-0.4529426155056347,0.438314112995189,0.07017543859649122,0.6842105263157895,0.24561403508771928,-0.03373354197164952,0.04241948153967012,-0.02534694946321027,-0.4192090735339852
US,bitcoin,2025-07-14,838,-0.24800184209495427,0.5793830636271768,0.23031026252983294,0.5107398568019093,0.25894988066825775,0.20494077341068043,-0.17347066951388024,0.16013482393334172,-0.4529426155056347
US,bitcoin,2025-07-21,87,-0.31917664604582663,0.5569723543683104,0.13793103448275862,0.5517241379310345,0.3103448275862069,-0.07117480395087236,0.04098428112912522,-0.09237922804707432,-0.24800184209495427
US,bitcoin,2025-08-04,671,-0.15042097351601244,0.6518224218877228,0.3114754098360656,0.4977645305514158,0.19076005961251863,0.1687556725298142,-0.05395960737961869,0.17354437535330697,-0.31917664604582663
US,bitcoin,2025-08-11,361,-0.13024192798748574,0.645462381484038,0.3074792243767313,0.47645429362880887,0.21606648199445982,0.0201790455285267,-0.021310236922606918,-0.003996185459334278,-0.15042097351601244
US,bitcoin,2025-08-18,124,-0.004075448682171217,0.7076226735145896,0.4032258064516129,0.4112903225806452,0.18548387096774194,0.12616647930531452,-0.06516397104816368,0.09574658207488157,-0.13024192798748574
US,bitcoin,2025-08-25,192,-0.21485061919762907,0.6363373368320734,0.2760416666666667,0.5364583333333334,0.1875,-0.21077517051545785,0.12516801075268819,-0.1271841397849462,-0.004075448682171217
US,bitcoin,2025-09-01,191,-0.2591885298402756,0.6318597661977018,0.2617801047120419,0.5968586387434555,0.14136125654450263,-0.044337910642646555,0.06040030541012209,-0.014261561954624802,-0.21485061919762907
US,bitcoin,2025-09-08,45,0.11894841101020577,0.6245820360252262,0.4888888888888889,0.3111111111111111,0.2,0.3781369408504814,-0.28574752763234434,0.227108784176847,-0.2591885298402756
US,bitcoin,2025-09-15,30,-0.14227044846241674,0.6674369221269129,0.3333333333333333,0.4666666666666667,0.2,-0.2612188594726225,0.15555555555555556,-0.15555555555555556,0.11894841101020577
US,bitcoin,2025-09-22,30,-0.08413587867592771,0.7359977237149266,0.3333333333333333,0.43333333333333335,0.23333333333333334,0.058134569786489024,-0.033333333333333326,0.0,-0.14227044846241674
US,bitcoin,2025-09-29,103,-0.5023220708069293,0.5271651426721327,0.1262135922330097,0.7378640776699029,0.13592233009708737,-0.41818619213100156,0.30453074433656957,-0.2071197411003236,-0.08413587867592771
US,bitcoin,2025-10-06,210,-0.47938208741446336,0.5331829766456494,0.11428571428571428,0.7,0.18571428571428572,0.02293998339246589,-0.03786407766990296,-0.011927877947295426,-0.5023220708069293
US,bitcoin,2025-10-13,320,-0.47854414123576133,0.4578416728340043,0.075,0.70625,0.21875,0.0008379461787020315,0.006250000000000089,-0.039285714285714285,-0.47938208741446336
US,bitcoin,2025-10-20,179,-0.4468569123503549,0.501733358945904,0.12290502793296089,0.6536312849162011,0.22346368715083798,0.03168722888540643,-0.052618715083798895,0.04790502793296089,-0.47854414123576133
US,bitcoin,2025-10-27,35,-0.24433680549263953,0.6517436346602129,0.2571428571428571,0.5714285714285714,0.17142857142857143,0.20252010685771538,-0.08220271348762975,0.13423782920989624,-0.4468569123503549
US,bitcoin,2025-11-10,45,-0.25012181773781783,0.5879638750975155,0.24444444444444444,0.6222222222222222,0.13333333333333333,-0.0057850122451783,0.050793650793650835,-0.012698412698412681,-0.24433680549263953
US,bitcoin,2025-11-17,397,-0.4340052268202757,0.5154789590478667,0.12846347607052896,0.6675062972292192,0.2040302267002519,-0.18388340908245787,0.04528407500699694,-0.11598096837391547,-0.25012181773781783
US,bitcoin,2025-11-24,23,-0.21702227036914098,0.7775771143055974,0.34782608695652173,0.5652173913043478,0.08695652173913043,0.21698295645113472,-0.10228890592487139,0.21936261088599276,-0.4340052268202757
US,bitcoin,2026-02-02,2250,-0.4894901175805264,0.5480260919208327,0.1448888888888889,0.7248888888888889,0.1302222222222222,-0.2724678472113854,0.15967149758454113,-0.20293719806763283,-0.21702227036914098
US,bitcoin,2026-02-16,23,-0.631065281553437,0.43220134308845304,0.043478260869565216,0.9130434782608695,0.043478260869565216,-0.1415751639729106,0.1881545893719806,-0.10141062801932368,-0.4894901175805264
US,bitcoin,2026-03-23,27,-0.46675985182325047,0.5162074512135151,0.14814814814814814,0.6296296296296297,0.2222222222222222,0.16430542973018653,-0.28341384863123986,0.10466988727858292,-0.631065281553437
US,bitcoin,2026-04-13,177,-0.22911924062202038,0.593443049306538,0.23728813559322035,0.5028248587570622,0.2598870056497175,0.2376406112012301,-0.12680477087256747,0.0891399874450722,-0.46675985182325047
US,bitcoin,2026-04-20,388,-0.4843568434319507,0.5154523360766865,0.12371134020618557,0.7190721649484536,0.15721649484536082,-0.2552376028099303,0.21624730619139143,-0.11357679538703477,-0.22911924062202038
US,bitcoin,2026-04-27,77,-0.3737582503394647,0.5721373498725286,0.19480519480519481,0.5844155844155844,0.22077922077922077,0.11059859309248599,-0.13465658053286922,0.07109385459900924,-0.4843568434319507
US,bitcoin,2026-05-04,53,-0.5256766734187895,0.5270064266987858,0.1509433962264151,0.7735849056603774,0.07547169811320754,-0.15191842307932485,0.18916932124479302,-0.043861798578779726,-0.3737582503394647
US,bitcoin,2026-05-11,45,-0.435689939185977,0.5399509956200567,0.15555555555555556,0.6888888888888889,0.15555555555555556,0.08998673423281256,-0.08469601677148852,0.0046121593291404694,-0.5256766734187895
US,bitcoin,2026-05-18,173,-0.48611723459352646,0.5555721622631312,0.15028901734104047,0.7167630057803468,0.1329479768786127,-0.05042729540754948,0.027874116891457912,-0.005266538214515087,-0.435689939185977
US,bitcoin,2026-06-22,21,-0.22702942939386486,0.6968482811485729,0.23809523809523808,0.5714285714285714,0.19047619047619047,0.25908780519966157,-0.1453344343517754,0.08780622075419761,-0.48611723459352646
US,bitcoin,2026-06-29,556,-0.4591997729617727,0.5398788827621908,0.14568345323741008,0.7032374100719424,0.1510791366906475,-0.23217034356790786,0.131808838643371,-0.092411784857828,-0.22702942939386486
US,electric cars,2025-03-10,394,-0.4559422138662356,0.5019852629210892,0.11928934010152284,0.7030456852791879,0.17766497461928935,,,,
US,electric cars,2025-03-17,239,-0.5083351238634609,0.4552842354688693,0.0794979079497908,0.698744769874477,0.2217573221757322,-0.05239290999722529,-0.004300915404710892,-0.039791432151732045,-0.4559422138662356
US,electric cars,2025-03-24,2094,-0.5201131004600856,0.506298626372851,0.11365807067812798,0.7440305635148042,0.14231136580706782,-0.011777976596624717,0.045285793640327254,0.03416016272833719,-0.5083351238634609
US,electric cars,2025-03-31,418,-0.5207583781957859,0.48334396844884364,0.11244019138755981,0.7248803827751196,0.16267942583732056,-0.0006452777357002226,-0.019150180739684664,-0.0012178792905681718,-0.5201131004600856
US,electric cars,2025-04-14,74,-0.49436359505194266,0.46252225670632824,0.10810810810810811,0.7162162162162162,0.17567567567567569,0.026394783143843192,-0.008664166558903341,-0.004332083279451698,-0.5207583781957859
US,electric cars,2025-04-21,1605,-0.30885820468522124,0.5786349000310362,0.21433021806853583,0.5769470404984424,0.2087227414330218,0.18550539036672142,-0.13926917571777386,0.10622210996042772,-0.49436359505194266
US,electric cars,2025-04-28,56,-0.4131097877065519,0.5600853759737272,0.17857142857142858,0.6785714285714286,0.14285714285714285,-0.10425158302133064,0.10162438807298624,-0.03575878949710726,-0.30885820468522124
US,electric cars,2025-06-23,95,-0.25028475265165695,0.5533170056152003,0.15789473684210525,0.5578947368421052,0.28421052631578947,0.16282503505489493,-0.12067669172932338,-0.02067669172932332,-0.4131097877065519
US,electric cars,2025-06-30,1772,-0.48945263365670433,0.49827128517711755,0.12189616252821671,0.7065462753950339,0.17155756207674944,-0.23916788100504738,0.14865153855292867,-0.035998574313888546,-0.25028475265165695
US,electric cars,2025-07-07,68,-0.39332700061940534,0.5745564469350913,0.17647058823529413,0.6029411764705882,0.22058823529411764,0.09612563303729899,-0.1036050989244457,0.05457442570707742,-0.48945263365670433
US,electric cars,2025-07-14,65,-0.553883687636027,0.4259261289951825,0.06153846153846154,0.7076923076923077,0.23076923076923078,-0.16055668701662168,0.10475113122171953,-0.11493212669683259,-0.39332700061940534
US,electric cars,2025-07-21,123,-0.29802511571111473,0.5334356069080283,0.15447154471544716,0.5284552845528455,0.3170731707317073,0.2558585719249123,-0.17923702313946221,0.09293308317698562,-0.553883687636027
US,electric cars,2025-07-28,143,-0.5515610755362607,0.4572122110379641,0.07692307692307693,0.7692307692307693,0.15384615384615385,-0.25353595982514593,0.24077548467792376,-0.07754846779237023,-0.29802511571111473
US,electric cars,2025-08-04,51,-0.4595951344087428,0.4744252521217242,0.09803921568627451,0.6666666666666666,0.23529411764705882,0.09196594112751788,-0.10256410256410264,0.02111613876319758,-0.5515610755362607
US,electric cars,2025-09-01,46,-0.3601489710095136,0.504354786842724,0.10869565217391304,0.6521739130434783,0.2391304347826087,0.09944616339922918,-0.01449275362318836,0.010656436487638532,-0.4595951344087428
US,electric cars,2025-09-08,129,-0.34411470928453197,0.4252245009548319,0.07751937984496124,0.5503875968992248,0.37209302325581395,0.016034261724981624,-0.10178631614425349,-0.0311762723289518,-0.3601489710095136
US,electric cars,2025-09-15,1159,-0.5006637838673139,0.45242416459118584,0.08628127696289906,0.7031924072476272,0.21052631578947367,-0.15654907458278194,0.15280481034840243,0.008761897117937817,-0.34411470928453197
US,electric cars,2025-09-22,1698,-0.5103549654924643,0.4631758805422655,0.08657243816254417,0.7131919905771495,0.20023557126030625,-0.009691181625150369,0.009999583329522332,0.000291161199645118,-0.5006637838673139
US,electric cars,2025-09-29,82,-0.5032788011154569,0.43475005321260674,0.07317073170731707,0.6829268292682927,0.24390243902439024,0.007076164377007421,-0.030265161308856814,-0.013401706455227105,-0.5103549654924643
US,electric cars,2025-10-06,181,-0.37977824693041445,0.4934749808785455,0.09944751381215469,0.585635359116022,0.3149171270718232,0.12350055418504241,-0.09729147015227069,0.026276782104837623,-0.5032788011154569
US,electric cars,2025-10-13,80,-0.3946138097322546,0.5430728783846575,0.1375,0.6875,0.175,-0.014835562801840119,0.10186464088397795,0.03805248618784532,-0.37977824693041445
US,electric cars,2025-10-20,119,-0.4755951204031956,0.4554858437101026,0.06722689075630252,0.6890756302521008,0.24369747899159663,-0.08098131067094105,0.0015756302521008347,-0.07027310924369749,-0.3946138097322546
US,electric cars,2025-10-27,60,-0.38686244348064064,0.504237671076791,0.11666666666666667,0.6166666666666667,0.26666666666666666,0.08873267692255499,-0.07240896358543414,0.04943977591036415,-0.4755951204031956
US,electric cars,2025-11-03,75,-0.29768624777595204,0.5797390038812995,0.21333333333333335,0.5866666666666667,0.2,0.0891761957046886,-0.030000000000000027,0.09666666666666668,-0.38686244348064064
US,electric cars,2025-12-01,602,-0.3600866943381207,0.47463688425706607,0.10631229235880399,0.574750830564784,0.31893687707641194,-0.06240044656216864,-0.011915836101882626,-0.10702104097452936,-0.29768624777595204
US,electric cars,2025-12-08,137,-0.4541729378996648,0.42491328070050044,0.08029197080291971,0.6496350364963503,0.27007299270072993,-0.0940862435615441,0.0748842059315663,-0.026020321555884282,-0.3600866943381207
US,electric cars,2025-12-22,30,-0.3487278779037297,0.5177402501366783,0.1,0.6,0.3,0.10544505999593506,-0.04963503649635037,0.0197080291970803,-0.4541729378996648
US,electric cars,2025-12-29,76,-0.42773940044112113,0.46388601663599494,0.13157894736842105,0.6710526315789473,0.19736842105263158,-0.07901152253739141,0.07105263157894737,0.03157894736842104,-0.3487278779037297
US,electric cars,2026-04-13,208,-0.46468764025932896,0.48173293312964016,0.09615384615384616,0.6875,0.21634615384615385,-0.03694823981820783,0.016447368421052655,-0.035425101214574886,-0.42773940044112113
US,electric cars,2026-04-20,88,-0.5346265802350403,0.42919871328268494,0.056818181818181816,0.7045454545454546,0.23863636363636365,-0.06993893997571132,0.017045454545454586,-0.03933566433566434,-0.46468764025932896
US,electric cars,2026-05-11,488,-0.3430557189810807,0.53457997078835,0.1680327868852459,0.6290983606557377,0.2028688524590164,0.19157086125395956,-0.07544709388971693,0.11121460506706407,-0.5346265802350403
US,electric cars,2026-05-18,216,-0.31943458665800456,0.5054170426725876,0.1574074074074074,0.5462962962962963,0.2962962962962963,0.023621132323076166,-0.08280206435944137,-0.010625379477838481,-0.3430557189810807
US,electric cars,2026-05-25,66,-0.3032290409036884,0.590468057492102,0.19696969696969696,0.5757575757575758,0.22727272727272727,0.016205545754316153,0.02946127946127952,0.03956228956228955,-0.31943458665800456
US,electric cars,2026-06-08,557,-0.44331526161711565,0.4749344939448588,0.10412926391382406,0.6714542190305206,0.2244165170556553,-0.14008622071342725,0.0956966432729448,-0.0928404330558729,-0.3032290409036884
US,electric cars,2026-06-15,85,-0.46534137728021424,0.48022982815082105,0.07058823529411765,0.6235294117647059,0.3058823529411765,-0.02202611566309859,-0.04792480726581472,-0.03354102861970641,-0.44331526161711565
US,electric cars,2026-06-22,860,-0.578571342044445,0.3899639214952037,0.044186046511627906,0.7534883720930232,0.20232558139534884,-0.1132299647642308,0.12995896032831733,-0.02640218878248974,-0.46534137728021424
US,electric cars,2026-06-29,40,-0.4994220415595919,0.4702019354199347,0.125,0.65,0.225,0.07914930048485314,-0.1034883720930232,0.08081395348837209,-0.578571342044445
US,electric cars,2026-07-13,32,-0.5110169539402705,0.48692618635386514,0.0625,0.6875,0.25,-0.011594912380678557,0.03749999999999998,-0.0625,-0.4994220415595919
US,electric cars,2026-08-03,53,-0.4816922848376463,0.4269427567634342,0.09433962264150944,0.7169811320754716,0.18867924528301888,0.029324669102624157,0.02948113207547165,0.03183962264150944,-0.5110169539402705
US,inflation,2025-03-03,304,-0.519222799979616,0.47286138157536634,0.08881578947368421,0.7467105263157895,0.16447368421052633,,,,
US,inflation,2025-03-10,1839,-0.48294259450697685,0.5221397541607694,0.1408374116367591,0.7292006525285482,0.12996193583469276,0.036280205472639104,-0.017509873787241337,0.052021622163074904,-0.519222799979616
US,inflation,2025-03-17,240,-0.5549821247152674,0.4700747376794514,0.09166666666666666,0.7708333333333334,0.1375,-0.07203953020829057,0.041632680804785216,-0.04917074497009245,-0.48294259450697685
US,inflation,2025-03-31,108,-0.44867695354063203,0.5331730979163709,0.1388888888888889,0.7037037037037037,0.1574074074074074,0.1063051711746354,-0.06712962962962965,0.047222222222222235,-0.5549821247152674
US,inflation,2025-04-07,684,-0.3708320914125016,0.563673944137242,0.18128654970760233,0.6359649122807017,0.1827485380116959,0.07784486212813041,-0.06773879142300199,0.042397660818713434,-0.44867695354063203
US,inflation,2025-04-21,45,0.06821732196129031,0.5607384384321767,0.35555555555555557,0.28888888888888886,0.35555555555555557,0.43904941337379194,-0.34707602339181287,0.17426900584795324,-0.3708320914125016
US,inflation,2025-04-28,126,-0.44780295958653804,0.5441098103719395,0.16666666666666666,0.6666666666666666,0.16666666666666666,-0.5160202815478283,0.37777777777777777,-0.1888888888888889,0.06821732196129031
US,inflation,2025-05-05,228,-0.4811918274336086,0.5152974878234826,0.14473684210526316,0.7412280701754386,0.11403508771929824,-0.03338886784707057,0.07456140350877194,-0.021929824561403494,-0.44780295958653804
US,inflation,2025-05-12,479,-0.31285692431569284,0.6170450696269077,0.22755741127348644,0.6096033402922756,0.162839248434238,0.16833490311791577,-0.13162472988316298,0.08282056916822328,-0.4811918274336086
US,inflation,2025-05-19,42,-0.41794686842088896,0.5048497552903474,0.11904761904761904,0.6904761904761905,0.19047619047619047,-0.10508994410519612,0.08087285018391488,-0.1085097922258674,-0.31285692431569284
US,inflation,2025-05-26,33,-0.5283519292927601,0.4227260766750882,0.06060606060606061,0.7272727272727273,0.21212121212121213,-0.11040506087187113,0.03679653679653683,-0.05844155844155843,-0.41794686842088896
US,inflation,2025-06-02,32,-0.5377641988161486,0.5068743960967239,0.0625,0.75,0.1875,-0.009412269523388472,0.022727272727272707,0.0018939393939393923,-0.5283519292927601
US,inflation,2025-06-09,194,-0.4292186625858711,0.5400173085649602,0.14432989690721648,0.6597938144329897,0.1958762886597938,0.10854553623027746,-0.09020618556701032,0.08182989690721648,-0.5377641988161486
US,inflation,2025-06-16,664,-0.5305487462431642,0.47319550259981513,0.09939759036144578,0.75,0.15060240963855423,-0.10133008365729307,0.09020618556701032,-0.0449323065457707,-0.4292186625858711
US,inflation,2025-06-23,108,-0.2928300033909855,0.5504945595141076,0.18518518518518517,0.5833333333333334,0.23148148148148148,0.23771874285217864,-0.16666666666666663,0.08578759482373939,-0.5305487462431642
US,inflation,2025-06-30,172,-0.3562767366380539,0.5306231597082917,0.1569767441860465,0.627906976744186,0.21511627906976744,-0.0634467332470684,0.04457364341085268,-0.028208440999138662,-0.2928300033909855
US,inflation,2025-07-07,26,-0.2902842521165999,0.5812961954687776,0.23076923076923078,0.5,0.2692307692307692,0.06599248452145401,-0.12790697674418605,0.07379248658318427,-0.3562767366380539
US,inflation,2025-07-14,410,-0.5016525285931804,0.4857898093975091,0.10975609756097561,0.7146341463414634,0.17560975609756097,-0.21136827647658052,0.21463414634146338,-0.12101313320825517,-0.2902842521165999
US,inflation,2025-07-21,151,-0.461058725578254,0.4845378961008398,0.1456953642384106,0.6887417218543046,0.16556291390728478,0.04059380301492643,-0.025892424487158783,0.03593926667743498,-0.5016525285931804
US,inflation,2025-07-28,1101,-0.44008940907887145,0.5134516592136981,0.13169845594913715,0.667574931880109,0.20072661217075385,0.02096931649938255,-0.021166789974195632,-0.013996908289273441,-0.461058725578254
US,inflation,2025-08-04,1785,-0.527960255767117,0.4710438806013807,0.09635854341736695,0.7456582633053221,0.15798319327731092,-0.08787084668824557,0.07808333142521318,-0.0353399125317702,-0.44008940907887145
US,inflation,2025-08-11,1383,-0.3788809984631497,0.5640692641668115,0.1735357917570499,0.6406362979031092,0.18582791033984092,0.14907925730396732,-0.10502196540221298,0.07717724833968294,-0.527960255767117
US,inflation,2025-08-18,180,-0.42443561165904004,0.5313429335025884,0.16111111111111112,0.6777777777777778,0.16111111111111112,-0.045554613195890326,0.03714147987466865,-0.012424680645938768,-0.3788809984631497
US,inflation,2025-08-25,21,-0.48150162815692876,0.5006537796177407,0.09523809523809523,0.7142857142857143,0.19047619047619047,-0.05706601649788873,0.03650793650793649,-0.06587301587301589,-0.42443561165904004
US,inflation,2025-09-01,1222,-0.45756827609967166,0.47601237911401106,0.1072013093289689,0.6816693944353519,0.21112929623567922,0.023933352057257107,-0.032616319850362396,0.01196321409087367,-0.48150162815692876
US,inflation,2025-09-08,1780,-0.5193936132266072,0.47479824703823786,0.10168539325842697,0.7297752808988764,0.16853932584269662,-0.0618253371269355,0.04810588646352454,-0.005515916070541929,-0.45756827609967166
US,inflation,2025-09-15,1910,-0.3496469300503584,0.6163644857343977,0.2136125654450262,0.6209424083769634,0.16544502617801046,0.16974668317624875,-0.1088328725219131,0.11192717218659921,-0.5193936132266072
US,inflation,2025-09-22,96,-0.35205179227826494,0.6065686359901129,0.1875,0.625,0.1875,-0.0024048622279065346,0.004057591623036649,-0.026112565445026187,-0.3496469300503584
US,inflation,2025-09-29,231,-0.46905187879048,0.5221859686561103,0.11688311688311688,0.7229437229437229,0.16017316017316016,-0.11700008651221505,0.09794372294372289,-0.07061688311688312,-0.35205179227826494
US,inflation,2025-10-06,21,-0.47504832387147916,0.5656984744429865,0.14285714285714285,0.7619047619047619,0.09523809523809523,-0.005996445080999169,0.038961038961038974,0.02597402597402597,-0.46905187879048
US,inflation,2025-10-13,139,-0.4616707925008034,0.5294314632690011,0.12949640287769784,0.7122302158273381,0.15827338129496402,0.013377531370675766,-0.04967454607742372,-0.013360739979445008,-0.47504832387147916
US,inflation,2025-10-20,2560,-0.4348549625097803,0.5774656674292327,0.1734375,0.703125,0.1234375,0.02681582999102311,-0.009105215827338142,0.04394109712230215,-0.4616707925008034
US,inflation,2025-10-27,1783,-0.3611647115604544,0.5931407268160546,0.20134604598990466,0.6376892877173304,0.160964666292765,0.07369025094932591,-0.06543571228266964,0.027908545989904665,-0.4348549625097803
US,inflation,2025-11-03,383,-0.47659962628445257,0.47988250682499994,0.1122715404699739,0.7284595300261096,0.15926892950391644,-0.1154349147239982,0.09077024230877928,-0.08907450551993076,-0.3611647115604544
US,inflation,2025-11-10,149,-0.4487325220475061,0.5564520566394706,0.1476510067114094,0.6644295302013423,0.18791946308724833,0.027867104236946494,-0.06402999982476731,0.03537946624143551,-0.47659962628445257
US,inflation,2025-11-17,992,-0.4773813273369019,0.5061349692779389,0.12903225806451613,0.7096774193548387,0.16129032258064516,-0.02864880528939584,0.04524788915349642,-0.01861874864689328,-0.4487325220475061
US,inflation,2025-11-24,353,-0.4608485448588393,0.485430129975737,0.1274787535410765,0.6827195467422096,0.18980169971671387,0.016532782478062613,-0.026957872612629163,-0.001553504523439636,-0.4773813273369019
US,inflation,2025-12-01,175,-0.3792691441252828,0.6121296896172692,0.19428571428571428,0.6514285714285715,0.15428571428571428,0.08157940073355652,-0.031290975313638114,0.0668069607446378,-0.4608485448588393
US,inflation,2025-12-08,2774,-0.35117671677067863,0.5889457686157793,0.20151405912040374,0.6149963950973324,0.18348954578226387,0.028092427354604155,-0.036432176331239075,0.007228344834689454,-0.3792691441252828
US,inflation,2025-12-15,907,-0.4960161258385423,0.5215884301292454,0.1256890848952591,0.7221609702315325,0.15214994487320838,-0.1448394090678637,0.10716457513420008,-0.07582497422514464,-0.35117671677067863
US,inflation,2025-12-22,255,-0.4008990849970895,0.5378345694016916,0.17254901960784313,0.6549019607843137,0.17254901960784313,0.09511704084145284,-0.06725900944721874,0.04685993471258404,-0.4960161258385423
US,inflation,2025-12-29,1418,-0.45115610470204537,0.5191961921931556,0.15021156558533144,0.7045133991537377,0.14527503526093088,-0.050257019704955885,0.049611438369423944,-0.022337454022511694,-0.4008990849970895
US,inflation,2026-01-05,1402,-0.5055956140302716,0.5197607272167674,0.13052781740370897,0.739657631954351,0.12981455064194009,-0.054439509328226277,0.035144232800613295,-0.019683748181622468,-0.45115610470204537
US,inflation,2026-01-12,2564,-0.4267805405019226,0.5862672626626704,0.1809672386895476,0.6938377535101404,0.125195007800312,0.07881507352834904,-0.04581987844421054,0.050439421285838615,-0.5055956140302716
US,inflation,2026-01-19,235,-0.5709573565050959,0.466731191817467,0.0851063829787234,0.774468085106383,0.14042553191489363,-0.14417681600317334,0.08063033159624255,-0.09586085571082419,-0.4267805405019226
US,inflation,2026-01-26,401,-0.5264748812971307,0.5202951324571672,0.12219451371571072,0.7655860349127181,0.11221945137157108,0.04448247520796522,-0.008882050193664837,0.037088130736987315,-0.5709573565050959
US,inflation,2026-02-02,58,-0.44954561577017965,0.5190219785162193,0.15517241379310345,0.6896551724137931,0.15517241379310345,0.07692926552695106,-0.075930862498925,0.032977900077392736,-0.5264748812971307
US,inflation,2026-02-09,1159,-0.505521623655588,0.5239119444486685,0.12424503882657463,0.7515099223468508,0.12424503882657463,-0.055976007885408297,0.06185474993305762,-0.030927374966528823,-0.44954561577017965
US,inflation,2026-02-16,439,-0.4653612620033884,0.5041075360138595,0.13211845102505695,0.6993166287015945,0.16856492027334852,0.04016036165219955,-0.05219329364525627,0.007873412198482324,-0.505521623655588
US,inflation,2026-02-23,527,-0.48674854825814545,0.5517886794579655,0.14800759013282733,0.7381404174573055,0.11385199240986717,-0.021387286254757054,0.03882378875571102,0.015889139107770373,-0.4653612620033884
US,inflation,2026-03-02,1195,-0.4312778631217435,0.49933011831448215,0.13807531380753138,0.6644351464435146,0.19748953974895397,0.055470685136401965,-0.07370527101379087,-0.009932276325295947,-0.48674854825814545
US,inflation,2026-03-09,2044,-0.4869209352576351,0.5214512810552769,0.12818003913894324,0.7137964774951077,0.15802348336594912,-0.05564307213589159,0.049361331051593016,-0.009895274668588139,-0.4312778631217435
US,inflation,2026-03-16,1403,-0.47243212818427655,0.5582591188974335,0.1518175338560228,0.714896650035638,0.13328581610833928,0.014488807073358534,0.0011001725405302976,0.02363749471707957,-0.4869209352576351
US,inflation,2026-03-23,82,-0.3033521228197326,0.471873833709834,0.13414634146341464,0.6585365853658537,0.2073170731707317,0.16908000536454393,-0.05636006466978427,-0.01767119239260817,-0.47243212818427655
US,inflation,2026-03-30,201,-0.38144931599349524,0.5261314688783059,0.15920398009950248,0.6119402985074627,0.22885572139303484,-0.07809719317376262,-0.04659628685839101,0.025057638636087842,-0.3033521228197326
US,inflation,2026-04-06,952,-0.3611362024656489,0.5473760651368629,0.17016806722689076,0.6029411764705882,0.226890756302521,0.020313113527846316,-0.008999122036874474,0.010964087127388278,-0.38144931599349524
US,inflation,2026-04-13,141,-0.46392645306409674,0.4813619701272711,0.0851063829787234,0.6737588652482269,0.24113475177304963,-0.10279025059844782,0.07081768877763872,-0.08506168424816736,-0.3611362024656489
US,inflation,2026-04-20,30,-0.6209698596037925,0.4468574581494071,0.06666666666666667,0.8,0.13333333333333333,-0.15704340653969573,0.12624113475177312,-0.018439716312056736,-0.46392645306409674
US,inflation,2026-04-27,1141,-0.5459017004780178,0.448851377076145,0.08588957055214724,0.7607361963190185,0.15337423312883436,0.07506815912577469,-0.03926380368098159,0.019222903885480577,-0.6209698596037925
US,inflation,2026-05-04,301,-0.5462186299016903,0.46200538918376205,0.09634551495016612,0.7541528239202658,0.14950166112956811,-0.0003169294236725628,-0.006583372398752618,0.010455944398018877,-0.5459017004780178
US,inflation,2026-05-11,2372,-0.3901253275610161,0.5400743647065406,0.1639966273187184,0.6349072512647554,0.20109612141652614,0.15609330234067426,-0.11924557265551039,0.06765111236855227,-0.5462186299016903
US,inflation,2026-05-18,248,-0.47193628552204536,0.4736789180312039,0.11290322580645161,0.6975806451612904,0.18951612903225806,-0.08181095796102927,0.06267339389653492,-0.05109340151226678,-0.3901253275610161
US,inflation,2026-05-25,77,-0.45671968229792337,0.45927930103983083,0.07792207792207792,0.6753246753246753,0.24675324675324675,0.015216603224121994,-0.02225596983661504,-0.03498114788437369,-0.47193628552204536
US,inflation,2026-06-01,1223,-0.49518433533523626,0.5300187020720168,0.13654946852003272,0.7260834014717906,0.1373671300081766,-0.03846465303731289,0.050758726147115296,0.0586273905979548,-0.45671968229792337
US,inflation,2026-06-08,835,-0.4451963953562304,0.5247785648047704,0.15209580838323353,0.6946107784431138,0.1532934131736527,0.04998793997900586,-0.031472623028676816,0.015546339863200809,-0.49518433533523626
US,inflation,2026-06-15,458,-0.4514752224852294,0.5005067302810848,0.12008733624454149,0.6724890829694323,0.2074235807860262,-0.0062788271289990205,-0.02212169547368148,-0.03200847213869204,-0.4451963953562304
US,inflation,2026-06-22,236,-0.4719181418245248,0.48793450219526446,0.11016949152542373,0.7033898305084746,0.1864406779661017,-0.020442919339295373,0.03090074753904226,-0.00991784471911776,-0.4514752224852294
US,inflation,2026-06-29,122,-0.37351235798483745,0.5300894271415529,0.18032786885245902,0.6229508196721312,0.19672131147540983,0.09840578383968734,-0.08043901083634342,0.0701583773270353,-0.4719181418245248
US,inflation,2026-07-13,64,-0.3244963164033834,0.5482551265028319,0.21875,0.59375,0.1875,0.04901604158145406,-0.029200819672131173,0.03842213114754098,-0.37351235798483745
US,inflation,2026-07-20,214,-0.4287558319830449,0.5832158761322187,0.19158878504672897,0.6682242990654206,0.14018691588785046,-0.10425951557966151,0.07447429906542058,-0.027161214953271035,-0.3244963164033834
US,inflation,2026-07-27,138,-0.4486982711199401,0.5379550063026377,0.15942028985507245,0.6739130434782609,0.16666666666666666,-0.019942439136895196,0.005688744412840285,-0.032168495191656515,-0.4287558319830449
US,inflation,2026-08-03,2185,-0.4277059256749172,0.4783437992517055,0.10983981693363844,0.637070938215103,0.25308924485125855,0.020992345445022875,-0.0368421052631579,-0.04958047292143401,-0.4486982711199401
US,inflation,2026-08-10,439,-0.4312667169720613,0.4721458679520002,0.0888382687927107,0.6355353075170843,0.275626423690205,-0.0035607912971440947,-0.001535630698018653,-0.021001548140927737,-0.4277059256749172
US,inflation,2026-08-17,27,-0.6027947442468118,0.35139378123855863,0.0,0.8518518518518519,0.14814814814814814,-0.17152802727475047,0.21631654433476755,-0.0888382687927107,-0.4312667169720613
US,weather,2025-03-03,273,-0.319514338728791,0.5664200606353298,0.2087912087912088,0.5860805860805861,0.20512820512820512,,,,
US,weather,2025-03-10,667,-0.3455044423248144,0.5548897946226148,0.1934032983508246,0.6086956521739131,0.19790104947526238,-0.02599010359602344,0.022615066093326974,-0.015387910440384206,-0.319514338728791
US,weather,2025-03-17,586,-0.3815273246632527,0.5519991241280129,0.17918088737201365,0.6313993174061433,0.189419795221843,-0.036022882338438256,0.02270366523223022,-0.01422241097881094,-0.3455044423248144
US,weather,2025-03-24,48,-0.36746042714609456,0.557416935735266,0.20833333333333334,0.6041666666666666,0.1875,0.014066897517158117,-0.02723265073947667,0.02915244596131969,-0.3815273246632527
US,weather,2025-03-31,791,-0.34947029385343664,0.5258627309133185,0.19089759797724398,0.5916561314791403,0.21744627054361568,0.017990133292657917,-0.012510535187526317,-0.01743573535608936,-0.36746042714609456
US,weather,2025-04-07,114,-0.3601144991177869,0.5191464388408377,0.16666666666666666,0.5964912280701754,0.23684210526315788,-0.010644205264350282,0.004835096591035093,-0.024230931310577325,-0.34947029385343664
US,weather,2025-04-28,435,-0.3528782262541782,0.5297505087904631,0.18620689655172415,0.632183908045977,0.18160919540229886,0.007236272863608728,0.03569267997580161,0.019540229885057492,-0.3601144991177869
US,weather,2025-05-12,214,-0.3504951178035307,0.5585124780745269,0.19158878504672897,0.6401869158878505,0.16822429906542055,0.0023831084506474864,0.008003007841873466,0.005381888495004816,-0.3528782262541782
US,weather,2025-05-19,162,-0.34268020436075736,0.5529700192467811,0.17901234567901234,0.6111111111111112,0.20987654320987653,0.007814913442773352,-0.029075804776739322,-0.01257643936771663,-0.3504951178035307
US,weather,2025-05-26,321,-0.5923665462647829,0.42352271512687784,0.07476635514018691,0.7881619937694704,0.13707165109034267,-0.24968634190402555,0.17705088265835922,-0.10424599053882543,-0.34268020436075736
US,weather,2025-06-02,144,-0.2889289836360452,0.5822995244121115,0.24305555555555555,0.5972222222222222,0.1597222222222222,0.3034375626287377,-0.19093977154724817,0.16828920041536866,-0.5923665462647829
US,weather,2025-06-09,62,0.2917462476949778,0.6431804669484432,0.6129032258064516,0.25806451612903225,0.12903225806451613,0.5806752313310231,-0.33915770609318996,0.36984767025089604,-0.2889289836360452
US,weather,2025-06-16,913,-0.39627094386167916,0.5621002816794713,0.18619934282584885,0.6626506024096386,0.1511500547645126,-0.688017191556657,0.4045860862806063,-0.4267038829806028,0.2917462476949778
US,weather,2025-06-23,551,-0.1717487229304743,0.5525042725138973,0.24863883847549909,0.43738656987295826,0.3139745916515426,0.22452222093120486,-0.22526403253668031,0.062439495649650234,-0.39627094386167916
US,weather,2025-06-30,1231,-0.4072816695679043,0.5216372108693575,0.15353371242891958,0.6450040617384241,0.20146222583265638,-0.23553294663743,0.2076174918654658,-0.0951051260465795,-0.1717487229304743
US,weather,2025-07-07,11046,-0.4499161609491661,0.5400841011076386,0.15236284627919608,0.6899330074235017,0.1577041462973022,-0.042634491381261796,0.04492894568507766,-0.001170866149723504,-0.4072816695679043
US,weather,2025-07-14,2018,-0.5486439494402272,0.4817467523642892,0.09365708622398414,0.7611496531219029,0.14519326065411298,-0.09872778849106112,0.07121664569840114,-0.05870576005521194,-0.4499161609491661
US,weather,2025-07-21,371,-0.33234735981955366,0.5616224202368288,0.1778975741239892,0.5876010781671159,0.23450134770889489,0.21629658962067355,-0.17354857495478693,0.08424048790000507,-0.5486439494402272
US,weather,2025-07-28,658,-0.38224346570155404,0.5334562765821286,0.16109422492401215,0.6170212765957447,0.22188449848024316,-0.049896105882000386,0.029420198428628752,-0.016803349199977058,-0.33234735981955366
US,weather,2025-08-04,297,-0.43234967613774616,0.5137314890384398,0.1447811447811448,0.6801346801346801,0.1750841750841751,-0.05010621043619212,0.06311340353893546,-0.016313080142867364,-0.38224346570155404
US,weather,2025-08-11,1136,-0.2403451682094642,0.5797591285341375,0.22799295774647887,0.5140845070422535,0.2579225352112676,0.19200450792828197,-0.16605017309242665,0.08321181296533409,-0.43234967613774616
US,weather,2025-08-18,344,-0.3400143953148536,0.5831254770242261,0.19476744186046513,0.6366279069767442,0.1686046511627907,-0.09966922710538942,0.1225433999344907,-0.033225515886013746,-0.2403451682094642
US,weather,2025-08-25,1069,-0.30453469142948525,0.5637305842326241,0.21515434985968196,0.5706267539756782,0.21421889616463985,0.03547970388536836,-0.06600115300106602,0.02038690799921683,-0.3400143953148536
US,weather,2025-09-01,112,-0.19087298356628576,0.5999084760293365,0.23214285714285715,0.5,0.26785714285714285,0.11366170786319948,-0.07062675397567819,0.01698850728317519,-0.30453469142948525
US,weather,2025-09-08,34,-0.2559290301219067,0.5670583768101074,0.17647058823529413,0.5294117647058824,0.29411764705882354,-0.06505604655562094,0.02941176470588236,-0.05567226890756302,-0.19087298356628576
US,weather,2025-09-15,82,-0.18131462305148202,0.5974037880901497,0.2682926829268293,0.5,0.23170731707317074,0.07461440707042469,-0.02941176470588236,0.09182209469153516,-0.2559290301219067
US,weather,2025-09-22,605,-0.1202755797869903,0.6123141071389647,0.32066115702479336,0.41983471074380163,0.25950413223140495,0.06103904326449172,-0.08016528925619837,0.05236847409796408,-0.18131462305148202
US,weather,2025-09-29,65,-0.1875074990093708,0.6207276586599719,0.2923076923076923,0.5076923076923077,0.2,-0.0672319192223805,0.08785759694850603,-0.02835346471710104,-0.1202755797869903
US,weather,2025-10-06,56,-0.34898559496338877,0.589507098355079,0.17857142857142858,0.6071428571428571,0.21428571428571427,-0.16147809595401796,0.09945054945054943,-0.11373626373626375,-0.1875074990093708
US,weather,2025-10-13,47,-0.3466447991754939,0.6279753435083848,0.2127659574468085,0.6595744680851063,0.1276595744680851,0.002340795787894867,0.05243161094224924,0.03419452887537994,-0.34898559496338877
US,weather,2025-10-20,238,-0.28409432011711244,0.5444890232767692,0.18487394957983194,0.5588235294117647,0.25630252100840334,0.06255047905838146,-0.10075093867334162,-0.02789200786697657,-0.3466447991754939
US,weather,2025-10-27,1143,-0.1949923060637225,0.5880368149723865,0.30533683289588803,0.49606299212598426,0.19860017497812774,0.08910201405338994,-0.06276053728578046,0.12046288331605609,-0.28409432011711244
US,weather,2025-11-03,53,-0.14546238033557837,0.6373524338590308,0.3584905660377358,0.49056603773584906,0.1509433962264151,0.04952992572814413,-0.0054969543901352,0.05315373314184779,-0.1949923060637225
US,weather,2025-11-10,684,-0.34401044424361826,0.5328948865064527,0.16666666666666666,0.6096491228070176,0.2236842105263158,-0.1985480639080399,0.11908308507116849,-0.19182389937106917,-0.14546238033557837
US,weather,2025-11-17,172,-0.42778979358263314,0.49031969398132397,0.13953488372093023,0.627906976744186,0.23255813953488372,-0.08377934933901487,0.0182578539371685,-0.027131782945736427,-0.34401044424361826
US,weather,2025-11-24,349,-0.2943690100759481,0.6024474358195969,0.24641833810888253,0.5816618911174785,0.17191977077363896,0.13342078350668501,-0.046245085626707594,0.1068834543879523,-0.42778979358263314
US,weather,2025-12-01,352,-0.33659391448071063,0.5576989741192502,0.1846590909090909,0.6335227272727273,0.18181818181818182,-0.04222490440476251,0.051860836155248835,-0.06175924719979162,-0.2943690100759481
US,weather,2025-12-08,350,-0.32807827160294567,0.5624797535797444,0.2,0.6142857142857143,0.18571428571428572,0.008515642877764962,-0.01923701298701297,0.0153409090909091,-0.33659391448071063
US,weather,2025-12-15,233,-0.3342938563654543,0.5602537147481712,0.2017167381974249,0.6180257510729614,0.18025751072961374,-0.006215584762508608,0.003740036787247103,0.0017167381974248774,-0.32807827160294567
US,weather,2025-12-22,984,-0.3494964588615226,0.5432008280957893,0.19613821138211382,0.6219512195121951,0.18191056910569106,-0.015202602496068307,0.0039254684392336925,-0.005578526815311069,-0.3342938563654543
US,weather,2025-12-29,232,-0.3202251092057097,0.5696814638383602,0.1939655172413793,0.5991379310344828,0.20689655172413793,0.029271349655812906,-0.022813288477712357,-0.00217269414073451,-0.3494964588615226
US,weather,2026-01-05,32,-0.39441764960065484,0.5339705836153189,0.21875,0.75,0.03125,-0.07419254039494516,0.15086206896551724,0.02478448275862069,-0.3202251092057097
US,weather,2026-01-12,86,-0.493944845974532,0.5297437593044593,0.1511627906976744,0.7209302325581395,0.12790697674418605,-0.09952719637387714,-0.029069767441860517,-0.06758720930232559,-0.39441764960065484
US,weather,2026-01-19,2837,-0.2920443759755135,0.5506867538231872,0.20726119139936552,0.5611561508635883,0.23158265773704617,0.20190046999901845,-0.1597740816945512,0.056098400701691115,-0.493944845974532
US,weather,2026-01-26,1159,-0.39339834214063607,0.5776736461578523,0.17860224331320104,0.6583261432269197,0.1630716134598792,-0.10135396616512254,0.09716999236333146,-0.028658948086164482,-0.2920443759755135
US,weather,2026-02-02,432,-0.19937834682167266,0.6020819996239509,0.2638888888888889,0.5,0.2361111111111111,0.1940199953189634,-0.15832614322691974,0.08528664557568785,-0.39339834214063607
US,weather,2026-02-09,70,-0.06037390977144241,0.6646032031648156,0.37142857142857144,0.44285714285714284,0.18571428571428572,0.13900443705023025,-0.05714285714285716,0.10753968253968255,-0.19937834682167266
US,weather,2026-02-16,45,-0.3517249528111683,0.522167898090257,0.15555555555555556,0.6222222222222222,0.2222222222222222,-0.29135104303972587,0.1793650793650794,-0.21587301587301588,-0.06037390977144241
US,weather,2026-02-23,176,-0.31328769329279155,0.5344796332705823,0.18181818181818182,0.6079545454545454,0.21022727272727273,0.03843725951837673,-0.014267676767676818,0.026262626262626265,-0.3517249528111683
US,weather,2026-03-02,251,-0.3748795969441414,0.48358901676148763,0.11952191235059761,0.5976095617529881,0.28286852589641437,-0.061591903651349866,-0.010344983701557342,-0.06229626946758421,-0.31328769329279155
US,weather,2026-03-09,126,-0.4960906457983785,0.47278023441277767,0.10317460317460317,0.7063492063492064,0.19047619047619047,-0.12121104885423711,0.10873964459621832,-0.016347309175994446,-0.3748795969441414
US,weather,2026-03-16,213,-0.4035469766295222,0.49333537254896787,0.13615023474178403,0.6384976525821596,0.22535211267605634,0.09254366916885631,-0.06785155376704677,0.03297563156718086,-0.4960906457983785
US,weather,2026-03-23,110,-0.3553143329241059,0.5623894840874691,0.17272727272727273,0.6090909090909091,0.21818181818181817,0.0482326437054163,-0.029406743491250498,0.0365770379854887,-0.4035469766295222
US,weather,2026-03-30,31,-0.4110000975309841,0.5295220501276592,0.16129032258064516,0.6774193548387096,0.16129032258064516,-0.055685764606878185,0.0683284457478005,-0.011436950146627572,-0.3553143329241059
US,weather,2026-04-06,26,-0.3783848460477132,0.44799106899579383,0.11538461538461539,0.6923076923076923,0.19230769230769232,0.03261525148327088,0.01488833746898266,-0.045905707196029766,-0.4110000975309841
US,weather,2026-04-13,98,-0.3188406617703791,0.5707409639658239,0.19387755102040816,0.5816326530612245,0.22448979591836735,0.0595441842773341,-0.11067503924646782,0.07849293563579277,-0.3783848460477132
US,weather,2026-04-20,39,-0.3467869806366089,0.4899889672241424,0.1282051282051282,0.5897435897435898,0.28205128205128205,-0.02794631886622978,0.008110936682365288,-0.06567242281527996,-0.3188406617703791
US,weather,2026-04-27,29,-0.31728272034048005,0.536481735090302,0.13793103448275862,0.5172413793103449,0.3448275862068966,0.029504260296128848,-0.0725022104332449,0.009725906277630425,-0.3467869806366089
US,weather,2026-05-04,33,-0.07164151771840727,0.6300238357914089,0.36363636363636365,0.42424242424242425,0.21212121212121213,0.24564120262207279,-0.09299895506792061,0.22570532915360503,-0.31728272034048005
US,weather,2026-05-11,23,-0.19407741239537368,0.5625395427666592,0.2608695652173913,0.5217391304347826,0.21739130434782608,-0.12243589467696642,0.09749670619235834,-0.10276679841897235,-0.07164151771840727
US,weather,2026-05-18,92,-0.20804693780677475,0.5956723013865152,0.29347826086956524,0.5,0.20652173913043478,-0.013969525411401063,-0.021739130434782594,0.03260869565217395,-0.19407741239537368
US,weather,2026-05-25,325,-0.30774277693950214,0.5700170043494656,0.2123076923076923,0.5753846153846154,0.2123076923076923,-0.09969583913272739,0.07538461538461538,-0.08117056856187294,-0.20804693780677475
US,weather,2026-06-01,81,0.13775963822586668,0.6142913925727709,0.49382716049382713,0.2962962962962963,0.20987654320987653,0.4455024151653688,-0.2790883190883191,0.2815194681861348,-0.30774277693950214
US,weather,2026-06-08,338,-0.24381479138464351,0.6338101970830281,0.25443786982248523,0.5650887573964497,0.1804733727810651,-0.3815744296105102,0.2687924611001534,-0.2393892906713419,0.13775963822586668
US,weather,2026-06-15,150,-0.27097434098521866,0.568366953077222,0.22666666666666666,0.5466666666666666,0.22666666666666666,-0.02715954960057515,-0.01842209072978307,-0.027771203155818575,-0.24381479138464351
US,weather,2026-06-22,1206,-0.32686177348396794,0.5469716422693489,0.1890547263681592,0.5804311774461028,0.23051409618573798,-0.05588743249874928,0.03376451077943621,-0.03761194029850745,-0.27097434098521866
US,weather,2026-06-29,1871,-0.1595127878104347,0.5934038400691539,0.273650454302512,0.4740780331373597,0.25227151256012825,0.16734898567353323,-0.10635314430874315,0.0845957279343528,-0.32686177348396794
US,weather,2026-07-06,1465,-0.12716485192878457,0.5841212624903924,0.3003412969283277,0.4348122866894198,0.26484641638225254,0.032347935881650136,-0.0392657464479399,0.02669084262581567,-0.1595127878104347
US,weather,2026-07-13,447,-0.18381154203424918,0.6141147982239987,0.28859060402684567,0.5078299776286354,0.203579418344519,-0.05664669010546461,0.07301769093921556,-0.011750692901482007,-0.12716485192878457
US,weather,2026-07-20,397,-0.23707427665525554,0.5828665096554478,0.25440806045340053,0.5289672544080605,0.21662468513853905,-0.05326273462100636,0.021137276779425118,-0.034182543573445134,-0.18381154203424918
US,weather,2026-07-27,292,-0.27892679642337337,0.5720681120708181,0.22945205479452055,0.5684931506849316,0.20205479452054795,-0.041852519768117824,0.039525896276871086,-0.02495600565887998,-0.23707427665525554
US,weather,2026-08-03,101,-0.17629130125635922,0.5544178873172715,0.25742574257425743,0.46534653465346537,0.27722772277227725,0.10263549516701415,-0.10314661603146619,0.027973687779736883,-0.27892679642337337
US,weather,2026-08-10,87,-0.022866300050297682,0.5842149247326063,0.367816091954023,0.39080459770114945,0.2413793103448276,0.15342500120606153,-0.07454193695231592,0.11039034937976555,-0.17629130125635922
